id	nombre	inicialestipo	tipo	ancestrodirecto	nombrelargo	NIVEL SICI
1	COMUNIDAD AUTONOMA DE MURCIA	XXX	-		COMUNIDAD AUTONOMA DE MURCIA	0
2	PRESIDENCIA	CON	CONSEJERIA	1	CONSEJERIA PRESIDENCIA	1
3	PRESIDENCIA	SEC	SECRETARIA GENERAL	2	SECRETARIA GENERAL PRESIDENCIA	2
4	.	VIC	VICESECRETARIA	3	VICESECRETARIA .	3
5	JURIDICO	JSV	SERVICIO	3	SERVICIO JURIDICO	3
6	ECONOMICO Y CONTRATACION	JSV	SERVICIO	3	SERVICIO ECONOMICO Y CONTRATACION	3
12	REGIMEN INTERIOR	JSV	SERVICIO	3	SERVICIO REGIMEN INTERIOR	3
2435	RELACIONES INSTITUCIONALES	JSV	SERVICIO	3	SERVICIO RELACIONES INSTITUCIONALES	3
17	DEL PRESIDENTE	GAB	GABINETE	2	GABINETE DEL PRESIDENTE	3
36	ADMINISTRACION LOCAL	DIR	DIRECCION GENERAL	2	DIRECCION GENERAL ADMINISTRACION LOCAL	2
37	ASESORAMIENTO ENTIDADES LOCALES	JSV	SERVICIO	36	SERVICIO ASESORAMIENTO ENTIDADES LOCALES	3
39	COOPERACION ECONOMICA LOCAL	JSV	SERVICIO	36	SERVICIO COOPERACION ECONOMICA LOCAL	3
40	ASISTENCIA TECNICA A MUNICIPIOS	JSV	SERVICIO	36	SERVICIO ASISTENCIA TECNICA A MUNICIPIOS	3
91	ASESORES LOCALES	GAB	GABINETE	36	GABINETE ASESORES LOCALES	3
1502	REG. ESPEC.Y ESPECTAC. PUBLI	JSV	SERVICIO	36	SERVICIO REG. ESPEC.Y ESPECTAC. PUBLI	3
1704	RELAC.INSTIT.DEL GOBIER.DE R.M.EN MADRID	OFI	OFICINA	36	OFICINA RELAC.INSTIT.DEL GOBIER.DE R.M.EN MADRID	3
2769	GESTIÓN DE ENTIDADES LOCALES	XCO	COLECTIVO	36	COLECTIVO GESTIÓN DE ENTIDADES LOCALES	3
63	DEL CONSEJO GOBIERNO	SET	SECRETARIADO	2	SECRETARIADO DEL CONSEJO GOBIERNO	3
79	DE LOS SERVICIOS JURIDICOS	DIG	DIRECCION	2	DIRECCION DE LOS SERVICIOS JURIDICOS	3
378	DE SEGURIDAD CIUDADANA Y EMERGENCIAS	DIR	DIRECCION GENERAL	2	DIRECCION GENERAL DE SEGURIDAD CIUDADANA Y EMERGENCIAS	2
38	COORDINACION DE POLICIAS LOCALES	JSV	SERVICIO	378	SERVICIO COORDINACION DE POLICIAS LOCALES	3
379	PROTECCION CIVIL	JSV	SERVICIO	378	SERVICIO PROTECCION CIVIL	3
1042	DE EMERGENCIAS	SDG	SUBDIRECCION GENERAL	378	SUBDIRECCION GENERAL DE EMERGENCIAS	3
1505	SISTEMAS Y TELECOMUNICACIONES	JSV	SERVICIO	378	SERVICIO SISTEMAS Y TELECOMUNICACIONES	3
2462	MODER.,INVERSIONES Y RECUR. ECONOMICOS	SDG	SUBDIRECCION GENERAL	378	SUBDIRECCION GENERAL MODER.,INVERSIONES Y RECUR. ECONOMICOS	3
1550	DE PROTOCOLO Y RELACIONES PUBLICAS	OFI	OFICINA	2	OFICINA DE PROTOCOLO Y RELACIONES PUBLICAS	3
1551	JEFE/ASECRETARIA DESPACHO PRESIDENTE	EVE	EVENTUAL	2	EVENTUAL JEFE/ASECRETARIA DESPACHO PRESIDENTE	3
2159	DE ASISTENCIA JURIDICA	SDG	SUBDIRECCION GENERAL	2	SUBDIRECCION GENERAL DE ASISTENCIA JURIDICA	3
2489	PARTIC. CIUDADANA, UNIÓN EUROP.Y AC. EXT	DIR	DIRECCION GENERAL	2	DIRECCION GENERAL PARTIC. CIUDADANA, UNIÓN EUROP.Y AC. EXT	2
58	DOCUMENTACION E INFORMACION	CEN	CENTRO	2489	CENTRO DOCUMENTACION E INFORMACION	3
71	REGION DE MURCIA EN BRUSELAS	OFI	OFICINA	2489	OFICINA REGION DE MURCIA EN BRUSELAS	3
72	RELACIONES CON LA UNION EUROPEA	JSV	SERVICIO	2489	SERVICIO RELACIONES CON LA UNION EUROPEA	3
2648	TRANSPARENCIA Y PARTICIPACION CIUDADANA	OFI	OFICINA	2489	OFICINA TRANSPARENCIA Y PARTICIPACION CIUDADANA	3
2737	JEFE DE LO CONTENCIOSO	LET	LETRADO	2	LETRADO JEFE DE LO CONTENCIOSO	3
2738	JEFE DE LO CONSULTIVO	LET	LETRADO	2	LETRADO JEFE DE LO CONSULTIVO	3
93	BOLETIN OFICIAL DE LA REGION DE MURCIA	ORG	O. A.	1	O. A. BOLETIN OFICIAL DE LA REGION DE MURCIA	1
1835	SIST. INTEGRADOS Y ORGANIZACIÓN PRODUCT.	JSV	SERVICIO	93	SERVICIO SIST. INTEGRADOS Y ORGANIZACIÓN PRODUCT.	3
1836	GESTION ECONOMICO-ADMIVA. Y FINANIERA	JSV	SERVICIO	93	SERVICIO GESTION ECONOMICO-ADMIVA. Y FINANIERA	3
2711	BORM	GET	GERENTE	93	GERENTE BORM	3
94	HACIENDA Y ADMINISTRACIÓN PUBLICA	CON	CONSEJERIA	1	CONSEJERIA HACIENDA Y ADMINISTRACIÓN PUBLICA	1
18	FUNCION PUBLICA Y CALIDAD DE LOS SERVIC.	DIR	DIRECCION GENERAL	94	DIRECCION GENERAL FUNCION PUBLICA Y CALIDAD DE LOS SERVIC.	2
19	FUNCION PUBLICA Y CALIDAD DE LOS SERVIC.	SDG	SUBDIRECCION GENERAL	18	SUBDIRECCION GENERAL FUNCION PUBLICA Y CALIDAD DE LOS SERVIC.	3
20	GENERAL DE SERVICIOS	INX	INSPECCION	18	INSPECCION GENERAL DE SERVICIOS	3
21	GESTION DE RECURSOS HUMANOS	JSV	SERVICIO	18	SERVICIO GESTION DE RECURSOS HUMANOS	3
22	RELACIONES LABORALES	JSV	SERVICIO	18	SERVICIO RELACIONES LABORALES	3
23	ORDENACION NORMATIVA	JSV	SERVICIO	18	SERVICIO ORDENACION NORMATIVA	3
24	SELECCION	JSV	SERVICIO	18	SERVICIO SELECCION	3
25	REGIMEN JURIDICO	JSV	SERVICIO	18	SERVICIO REGIMEN JURIDICO	3
26	EVALUACION PUESTOS Y PLANIFICAC.EFECTIV.	JSV	SERVICIO	18	SERVICIO EVALUACION PUESTOS Y PLANIFICAC.EFECTIV.	3
81	DE FORMACION E INNOVACION DE LA CARM	ESC	ESCUELA	18	ESCUELA DE FORMACION E INNOVACION DE LA CARM	3
82	TECNICA	SJS	SECRETARIA	18	SECRETARIA TECNICA	3
85	ATENCION AL CIUDADANO	JSV	SERVICIO	18	SERVICIO ATENCION AL CIUDADANO	3
1455	PREVENCION DE RIESGOS LABORALES	JSV	SERVICIO	18	SERVICIO PREVENCION DE RIESGOS LABORALES	3
1459	GENERAL	INS	INSPECCION	18	INSPECCION GENERAL	3
1746	PROVISION PUESTOS DE TRABAJO Y RETRIBUC.	JSV	SERVICIO	18	SERVICIO PROVISION PUESTOS DE TRABAJO Y RETRIBUC.	3
2466	NEG. COORDINADOR ATENCION AL CIUDADANO	JEF	JEFE/A	18	JEFE/A NEG. COORDINADOR ATENCION AL CIUDADANO	3
95	HACIENDA Y ADMINISTRACIÓN PUBLICA	SEC	SECRETARIA GENERAL	94	SECRETARIA GENERAL HACIENDA Y ADMINISTRACIÓN PUBLICA	2
96	.	VIC	VICESECRETARIA	95	VICESECRETARIA .	3
98	JURIDICO	JSV	SERVICIO	95	SERVICIO JURIDICO	3
99	REGIMEN INTERIOR	JSV	SERVICIO	95	SERVICIO REGIMEN INTERIOR	3
100	ECONOMICO Y PRESUPUESTARIO	JSV	SERVICIO	95	SERVICIO ECONOMICO Y PRESUPUESTARIO	3
101	JUNTA REGIONAL CONTRATACION ADMINISTR.	SJS	SECRETARIA	95	SECRETARIA JUNTA REGIONAL CONTRATACION ADMINISTR.	3
142	ESTUDIOS Y COYUNTURA ECONOMICA	JSV	SERVICIO	95	SERVICIO ESTUDIOS Y COYUNTURA ECONOMICA	3
144	DE ESTADISTICA	CRE	CENTRO REGIONAL	95	CENTRO REGIONAL DE ESTADISTICA	3
1449	.	HAB	HABILITACION GENERAL	95	HABILITACION GENERAL .	3
1743	CONTRATACION	JSV	SERVICIO	95	SERVICIO CONTRATACION	3
1932	ESTADISTICAS ECONOMICAS Y PLANIFICACIÓN	JSV	SERVICIO	95	SERVICIO ESTADISTICAS ECONOMICAS Y PLANIFICACIÓN	3
1933	ESTADIST.DEMOGRAF.,SOCIALES Y DIFUSION	JSV	SERVICIO	95	SERVICIO ESTADIST.DEMOGRAF.,SOCIALES Y DIFUSION	3
116	DE PATRIMONIO E INFORMATICA	DIR	DIRECCION GENERAL	94	DIRECCION GENERAL DE PATRIMONIO E INFORMATICA	2
11	GESTION INFORMATICA (PRESIDENCIA)	JSV	SERVICIO	116	SERVICIO GESTION INFORMATICA (PRESIDENCIA)	3
57	PARQUE MOVIL REGIONAL	GER	GERENCIA	116	GERENCIA PARQUE MOVIL REGIONAL	3
117	DE PATRIMONIO	SDG	SUBDIRECCION GENERAL	116	SUBDIRECCION GENERAL DE PATRIMONIO	3
118	TECNICA	CIN	OFICINA	116	OFICINA TECNICA	3
119	GESTION PATRIMONIAL	JSV	SERVICIO	116	SERVICIO GESTION PATRIMONIAL	3
120	ANALISIS COORDINACION PATRIMONIAL	JSV	SERVICIO	116	SERVICIO ANALISIS COORDINACION PATRIMONIAL	3
121	SEGURIDAD	JSV	SERVICIO	116	SERVICIO SEGURIDAD	3
123	CONTRATACION CENTRALIZADA Y GESTION GAST	JSV	SERVICIO	116	SERVICIO CONTRATACION CENTRALIZADA Y GESTION GAST	3
141	INFORMATICA ESTADISTICA	UN2	UNIDAD	116	UNIDAD INFORMATICA ESTADISTICA	3
205	GESTION INFORMATICA (OBRAS PUBLICAS)	JSV	SERVICIO	116	SERVICIO GESTION INFORMATICA (OBRAS PUBLICAS)	3
276	GESTION INFORMATICA (EDUCACION)	JSV	SERVICIO	116	SERVICIO GESTION INFORMATICA (EDUCACION)	3
315	GESTION INFORMATICA (AGRICULTURA)	JSV	SERVICIO	116	SERVICIO GESTION INFORMATICA (AGRICULTURA)	3
498	GESTION INFORMATICA (SANIDAD)	JSV	SERVICIO	116	SERVICIO GESTION INFORMATICA (SANIDAD)	3
1065	GESTION TECNICA (AGENCIA TRIBUTARIA)	UNI	UNIDAD	116	UNIDAD GESTION TECNICA (AGENCIA TRIBUTARIA)	3
1464	PLANIFICACION INFORMATICA CORPORATIVA	JSV	SERVICIO	116	SERVICIO PLANIFICACION INFORMATICA CORPORATIVA	3
1465	SISTEMAS INFORMATICOS	JSV	SERVICIO	116	SERVICIO SISTEMAS INFORMATICOS	3
1466	COMUNICACIONES	JSV	SERVICIO	116	SERVICIO COMUNICACIONES	3
1467	INTEGRACION APLICACIONES CORPORATIVAS	JSV	SERVICIO	116	SERVICIO INTEGRACION APLICACIONES CORPORATIVAS	3
1468	REDES	JSV	SERVICIO	116	SERVICIO REDES	3
1668	GESTION INFORMATICA (IMAS)	JSV	SERVICIO	116	SERVICIO GESTION INFORMATICA (IMAS)	3
1682	INFORMATICA Y COMUNICACIONES (SEF)	JSV	SERVICIO	116	SERVICIO INFORMATICA Y COMUNICACIONES (SEF)	3
1758	GESTION INFORMATICA (INDUSTRIA)	JSV	SERVICIO	116	SERVICIO GESTION INFORMATICA (INDUSTRIA)	3
2039	GESTION INFORMATICA (CULTURA)	JSV	SERVICIO	116	SERVICIO GESTION INFORMATICA (CULTURA)	3
2164	CECON	JEF	JEFE/A	116	JEFE/A CECON	3
2165	UNIDAD SEGURIDAD I	JEF	JEFE/A	116	JEFE/A UNIDAD SEGURIDAD I	3
2166	UNIDAD SEGURIDAD II	JEF	JEFE/A	116	JEFE/A UNIDAD SEGURIDAD II	3
2167	UNIDAD SEGURIDAD III	JEF	JEFE/A	116	JEFE/A UNIDAD SEGURIDAD III	3
2168	UNIDAD SEGURIDAD IV	JEF	JEFE/A	116	JEFE/A UNIDAD SEGURIDAD IV	3
2169	UNIDAD SEGURIDAD V	JEF	JEFE/A	116	JEFE/A UNIDAD SEGURIDAD V	3
2622	REGIONAL DE INFORMATICA	CEI	CENTRO	116	CENTRO REGIONAL DE INFORMATICA	3
128	.	ITG	INTERVENCION GENERAL	94	INTERVENCION GENERAL .	2
129	GENERAL	VIT	VICEINTERVENCION	128	VICEINTERVENCION GENERAL	3
130	CONTROL FINANCIERO	DIV	DIVISION	128	DIVISION CONTROL FINANCIERO	3
132	DIRECCION,PLANIF.Y GESTION DE CONTABIL.	DIV	DIVISION	128	DIVISION DIRECCION,PLANIF.Y GESTION DE CONTABIL.	3
133	INTERVENCION Y FISCALIZACION	DIV	DIVISION	128	DIVISION INTERVENCION Y FISCALIZACION	3
1451	DE AUDITORIA PUBLICA	DIV	DIVISION	128	DIVISION DE AUDITORIA PUBLICA	3
1452	CONTROL FINANCIERO DE SUBVENCIONES	JSV	SERVICIO	128	SERVICIO CONTROL FINANCIERO DE SUBVENCIONES	3
1489	O.A. INST.MURCIANO ACCION SOCIAL (IMAS)	ITD	INTERVENTOR DELEGADO	128	INTERVENTOR DELEGADO O.A. INST.MURCIANO ACCION SOCIAL (IMAS)	3
1490	D.G.DE PRESUP. Y FOND.EUROP. / O.A. BORM	ITD	INTERVENTOR DELEGADO	128	INTERVENTOR DELEGADO D.G.DE PRESUP. Y FOND.EUROP. / O.A. BORM	3
1492	C.SANIDAD/C.FAMILIA E IGUALDAD OPORTUNID	ITD	INTERVENTOR DELEGADO	128	INTERVENTOR DELEGADO C.SANIDAD/C.FAMILIA E IGUALDAD OPORTUNID	3
1493	C.HACIENDA Y ADMON. P./O.A.AGENCIA TRIBU	ITD	INTERVENTOR DELEGADO	128	INTERVENTOR DELEGADO C.HACIENDA Y ADMON. P./O.A.AGENCIA TRIBU	3
1495	C. DE EDUCACION Y UNIVERSIDADES	ITD	INTERVENTOR DELEGADO	128	INTERVENTOR DELEGADO C. DE EDUCACION Y UNIVERSIDADES	3
1496	C.DESARROLLO ECONOMICO, TURISMO Y EMPLEO	ITD	INTERVENTOR DELEGADO	128	INTERVENTOR DELEGADO C.DESARROLLO ECONOMICO, TURISMO Y EMPLEO	3
1497	C. AGRIC.Y MED.AMB/IMIDA/CONS.JURIDICO	ITD	INTERVENTOR DELEGADO	128	INTERVENTOR DELEGADO C. AGRIC.Y MED.AMB/IMIDA/CONS.JURIDICO	3
1500	SERVICIO MURCIANO DE SALUD	ITD	INTERVENTOR DELEGADO	128	INTERVENTOR DELEGADO SERVICIO MURCIANO DE SALUD	3
1501	C. FOMENTO E INFRAESTRUCTURAS	ITD	INTERVENTOR DELEGADO	128	INTERVENTOR DELEGADO C. FOMENTO E INFRAESTRUCTURAS	3
1906	O.A.SERVICIO REG. DE EMPLEO Y FORMACION	ITD	INTERVENTOR DELEGADO	128	INTERVENTOR DELEGADO O.A.SERVICIO REG. DE EMPLEO Y FORMACION	3
2042	C.PRESIDENCIA/C. CULTURA Y PORTAVOCÍA	ITD	INTERVENTOR DELEGADO	128	INTERVENTOR DELEGADO C.PRESIDENCIA/C. CULTURA Y PORTAVOCÍA	3
2615	PARA LA POLITICA AGRARIA COMUN (PAC)	ITD	INTERVENTOR DELEGADO	128	INTERVENTOR DELEGADO PARA LA POLITICA AGRARIA COMUN (PAC)	3
2714	DELEGADAS	IDL	INTERVENCIONES	128	INTERVENCIONES DELEGADAS	3
153	DE PRESUPUESTOS Y FONDOS EUROPEOS	DIR	DIRECCION GENERAL	94	DIRECCION GENERAL DE PRESUPUESTOS Y FONDOS EUROPEOS	2
154	ANALISIS Y PLANIFICACION PRESUPUESTARIA	JSV	SERVICIO	153	SERVICIO ANALISIS Y PLANIFICACION PRESUPUESTARIA	3
155	GESTION DEL PRESUPUESTO DE GASTOS	JSV	SERVICIO	153	SERVICIO GESTION DEL PRESUPUESTO DE GASTOS	3
156	COORDINACION DE FONDOS EUROPEOS	JSV	SERVICIO	153	SERVICIO COORDINACION DE FONDOS EUROPEOS	3
157	PLANIFICACION Y GESTION FINANCIERA	JSV	SERVICIO	153	SERVICIO PLANIFICACION Y GESTION FINANCIERA	3
158	TESORERIA	JSV	SERVICIO	153	SERVICIO TESORERIA	3
1744	GESTION Y PLANIFICACION DE INGRESOS	JSV	SERVICIO	153	SERVICIO GESTION Y PLANIFICACION DE INGRESOS	3
1745	PRESUPUESTOS	SDG	SUBDIRECCION GENERAL	153	SUBDIRECCION GENERAL PRESUPUESTOS	3
1930	PLANIFICACION Y DIFUSION	JSV	SERVICIO	153	SERVICIO PLANIFICACION Y DIFUSION	3
194	FOMENTO E INFRAESTRUCTURAS	CON	CONSEJERIA	1	CONSEJERIA FOMENTO E INFRAESTRUCTURAS	1
195	FOMENTO E INFRAESTRUCTURAS	SEC	SECRETARIA GENERAL	194	SECRETARIA GENERAL FOMENTO E INFRAESTRUCTURAS	2
196	.	VIC	VICESECRETARIA	195	VICESECRETARIA .	3
197	ECONOMICA DE INVERS. Y CONTROL GESTION	JSV	SERVICIO	195	SERVICIO ECONOMICA DE INVERS. Y CONTROL GESTION	3
198	SUPERVISION DE PROYECTOS	CIN	OFICINA	195	OFICINA SUPERVISION DE PROYECTOS	3
201	.	HAB	HABILITACION GENERAL	195	HABILITACION GENERAL .	3
202	REGIMEN INTERIOR	JSV	SERVICIO	195	SERVICIO REGIMEN INTERIOR	3
203	JURIDICO	JSV	SERVICIO	195	SERVICIO JURIDICO	3
204	CONTRATACION	JSV	SERVICIO	195	SERVICIO CONTRATACION	3
212	ORDENACION TERRITORIO, ARQUI. Y VIVIENDA	DIR	DIRECCION GENERAL	194	DIRECCION GENERAL ORDENACION TERRITORIO, ARQUI. Y VIVIENDA	2
214	ORDENACION DEL TERRITORIO	SDG	SUBDIRECCION GENERAL	212	SUBDIRECCION GENERAL ORDENACION DEL TERRITORIO	3
215	JURIDICO ADMINISTRATIVO	JSV	SERVICIO	212	SERVICIO JURIDICO ADMINISTRATIVO	3
217	ORDENACION DEL TERRITORIO	JSV	SERVICIO	212	SERVICIO ORDENACION DEL TERRITORIO	3
218	ARQUITECTURA	JSV	SERVICIO	212	SERVICIO ARQUITECTURA	3
219	VIVIENDA	JSV	SERVICIO	212	SERVICIO VIVIENDA	3
221	GESTION DE CALIDAD EN LA EDIFICACION	JSV	SERVICIO	212	SERVICIO GESTION DE CALIDAD EN LA EDIFICACION	3
1035	ADMINISTRACION	DEP	DEPARTAMENTO	212	DEPARTAMENTO ADMINISTRACION	3
1036	TECNICO	DEP	DEPARTAMENTO	212	DEPARTAMENTO TECNICO	3
1069	ECONOMICA	JUN	UNIDAD	212	UNIDAD ECONOMICA	3
1070	ADMINISTRATIVA	JUN	UNIDAD	212	UNIDAD ADMINISTRATIVA	3
1394	URBANISMO	JSV	SERVICIO	212	SERVICIO URBANISMO	3
1395	CARTOGRAFIA	JSV	SERVICIO	212	SERVICIO CARTOGRAFIA	3
1396	INFORMACION TERRITORIAL	UN2	UNIDAD	212	UNIDAD INFORMACION TERRITORIAL	3
2162	VIVIENDA	SDG	SUBDIRECCION GENERAL	212	SUBDIRECCION GENERAL VIVIENDA	3
2613	PARA LA GESTION SOCIAL DE LA VIVIENDA	OFI	OFICINA	212	OFICINA PARA LA GESTION SOCIAL DE LA VIVIENDA	3
234	DE CARRETERAS	DIR	DIRECCION GENERAL	194	DIRECCION GENERAL DE CARRETERAS	2
235	DE CARRETERAS	SDG	SUBDIRECCION GENERAL	234	SUBDIRECCION GENERAL DE CARRETERAS	3
238	PROYECTOS Y CONSTRUCCION	JSV	SERVICIO	234	SERVICIO PROYECTOS Y CONSTRUCCION	3
239	CONSERVACION	JSV	SERVICIO	234	SERVICIO CONSERVACION	3
240	EXPLOTACION Y SEGURIDAD VIAL	JSV	SERVICIO	234	SERVICIO EXPLOTACION Y SEGURIDAD VIAL	3
241	JURIDICO ADMINISTRATIVO	JSV	SERVICIO	234	SERVICIO JURIDICO ADMINISTRATIVO	3
243	DE CARRETERAS	LAB	LABORATORIO	234	LABORATORIO DE CARRETERAS	3
244	DE MAQUINARIA	PAR	PARQUE	234	PARQUE DE MAQUINARIA	3
1863	TECNOLOGICO	JSV	SERVICIO	234	SERVICIO TECNOLOGICO	3
2623	DE PROGRAMACIÓN ECONÓMICA Y PRESUPUESTOS	SDG	SUBDIRECCION GENERAL	234	SUBDIRECCION GENERAL DE PROGRAMACIÓN ECONÓMICA Y PRESUPUESTOS	3
246	TRANSPORTES, COSTAS Y PUERTOS	DIR	DIRECCION GENERAL	194	DIRECCION GENERAL TRANSPORTES, COSTAS Y PUERTOS	2
230	COSTAS	JSV	SERVICIO	246	SERVICIO COSTAS	3
247	JURIDICO ADMIVO.Y JUNTA ARBIT.DE TRANSP.	JSV	SERVICIO	246	SERVICIO JURIDICO ADMIVO.Y JUNTA ARBIT.DE TRANSP.	3
248	TRANSPORTES	JSV	SERVICIO	246	SERVICIO TRANSPORTES	3
249	INFRAESTRUCTURA	JSV	SERVICIO	246	SERVICIO INFRAESTRUCTURA	3
250	ASESORAMIENTO TECNICO	UNI	UNIDAD	246	UNIDAD ASESORAMIENTO TECNICO	3
1399	INSPECCION Y SANCIONES	JSV	SERVICIO	246	SERVICIO INSPECCION Y SANCIONES	3
1701	TRANSPORTES Y LOGISTICA	SDG	SUBDIRECCION GENERAL	246	SUBDIRECCION GENERAL TRANSPORTES Y LOGISTICA	3
2043	COSTAS Y PUERTOS	SDG	SUBDIRECCION GENERAL	246	SUBDIRECCION GENERAL COSTAS Y PUERTOS	3
262	EDUCACION Y UNIVERSIDADES	CON	CONSEJERIA	1	CONSEJERIA EDUCACION Y UNIVERSIDADES	1
263	EDUCACION Y UNIVERSIDADES	SEC	SECRETARIA GENERAL	262	SECRETARIA GENERAL EDUCACION Y UNIVERSIDADES	2
264	.	VIC	VICESECRETARIA	263	VICESECRETARIA .	3
265	PROP.INTELECTUAL Y PROTEC.FUND.CULTURAL.	REG	REGISTRO	263	REGISTRO PROP.INTELECTUAL Y PROTEC.FUND.CULTURAL.	3
267	GESTION ECONOMICA Y PRESUPUESTARIA	JSV	SERVICIO	263	SERVICIO GESTION ECONOMICA Y PRESUPUESTARIA	3
268	JURIDICO	JSV	SERVICIO	263	SERVICIO JURIDICO	3
269	REGIMEN INTERIOR	JSV	SERVICIO	263	SERVICIO REGIMEN INTERIOR	3
1041	.	PCE	CONSEJO ESCOLAR	263	CONSEJO ESCOLAR .	3
1341	CONTRATACION	JSV	SERVICIO	263	SERVICIO CONTRATACION	3
1343	INFRAESTRUCTURAS	JSV	SERVICIO	263	SERVICIO INFRAESTRUCTURAS	3
1344	PUBLICACIONES Y ESTADISTICA	JSV	SERVICIO	263	SERVICIO PUBLICACIONES Y ESTADISTICA	3
1361	DE EDUCACION	IDE	INSPECCION	263	INSPECCION DE EDUCACION	3
1368	SECRET.CONSEJO ESCOLAR REGION DE MURCIA	JSV	SERVICIO	263	SERVICIO SECRET.CONSEJO ESCOLAR REGION DE MURCIA	3
1553	EDUCACION	INX	INSPECCION	263	INSPECCION EDUCACION	3
2707	REGIONAL	EDI	EDITORA	263	EDITORA REGIONAL	3
303	CENTROS EDUCATIVOS	DIR	DIRECCION GENERAL	262	DIRECCION GENERAL CENTROS EDUCATIVOS	2
304	CENTROS Y PROMOCION EDUCATIVA	SDG	SUBDIRECCION GENERAL	303	SUBDIRECCION GENERAL CENTROS Y PROMOCION EDUCATIVA	3
306	GESTION ECONOMIC.-ADMIVA.CENTROS DOCENT.	JSV	SERVICIO	303	SERVICIO GESTION ECONOMIC.-ADMIVA.CENTROS DOCENT.	3
1107	DE CENTROS EDUCATIVOS	UNT	UNIDAD TECNICA	303	UNIDAD TECNICA DE CENTROS EDUCATIVOS	3
1109	CENTROS	JSV	SERVICIO	303	SERVICIO CENTROS	3
1263	HESPERIDES. CARTAGENA	CFP	CIFP	303	CIFP HESPERIDES. CARTAGENA	3
1271	CARLOS III. CARTAGENA	CFP	CIFP	303	CIFP CARLOS III. CARTAGENA	3
1349	INFRAESTRUCTURA Y GESTION ECONOMICA	SDG	SUBDIRECCION GENERAL	303	SUBDIRECCION GENERAL INFRAESTRUCTURA Y GESTION ECONOMICA	3
1362	PROMOCION EDUCATIVA	JSV	SERVICIO	303	SERVICIO PROMOCION EDUCATIVA	3
2480	DE HOSTELERIA Y TURISMO.CARTAGENA	CFP	CIFP	303	CIFP DE HOSTELERIA Y TURISMO.CARTAGENA	3
2771	INSTITUTOS EDUCACION SECUNDARIA	CTR	CENTROS	303	CENTROS INSTITUTOS EDUCACION SECUNDARIA	3
2773	ESCUELAS INFANTILES	CTR	CENTROS	303	CENTROS ESCUELAS INFANTILES	3
2774	EDUCACION INFANTIL Y PRIMARIA	CTR	CENTROS	303	CENTROS EDUCACION INFANTIL Y PRIMARIA	3
1039	PLANIFICACION EDUCATIVA Y RECURSOS HUMAN	DIR	DIRECCION GENERAL	262	DIRECCION GENERAL PLANIFICACION EDUCATIVA Y RECURSOS HUMAN	2
1111	PERSONAL DOCENTE	JSV	SERVICIO	1039	SERVICIO PERSONAL DOCENTE	3
1350	INNOVACION Y FORMACION PROFESORADO	JSV	SERVICIO	1039	SERVICIO INNOVACION Y FORMACION PROFESORADO	3
1353	PERSONAL NO DOCENTE	JSV	SERVICIO	1039	SERVICIO PERSONAL NO DOCENTE	3
1354	PREVENCION DE RIESGOS LABORALES	JSV	SERVICIO	1039	SERVICIO PREVENCION DE RIESGOS LABORALES	3
1355	PLANIFICACION Y PROVISION DE EFECTIVOS	JSV	SERVICIO	1039	SERVICIO PLANIFICACION Y PROVISION DE EFECTIVOS	3
1581	DE PLANIF.EDUCATIVA Y RECURSOS HUMANOS	SDG	SUBDIRECCION GENERAL	1039	SUBDIRECCION GENERAL DE PLANIF.EDUCATIVA Y RECURSOS HUMANOS	3
1585	PLANIFICACION	JSV	SERVICIO	1039	SERVICIO PLANIFICACION	3
2741	.	HAB	HABILITACION GENERAL	1039	HABILITACION GENERAL .	3
1040	INNOVACION EDUCATIVA Y ATENC.DIVERSIDAD	DIR	DIRECCION GENERAL	262	DIRECCION GENERAL INNOVACION EDUCATIVA Y ATENC.DIVERSIDAD	2
1127	SUPERIOR DE DISEÑO	CUE	ESCUELA	1040	ESCUELA SUPERIOR DE DISEÑO	3
1128	SUPERIOR DE ARTE DRAMATICO	CUE	ESCUELA	1040	ESCUELA SUPERIOR DE ARTE DRAMATICO	3
1348	EDUCACION PERMANENTE	JSV	SERVICIO	1040	SERVICIO EDUCACION PERMANENTE	3
1351	PROGRAMAS EDUCATIVOS	JSV	SERVICIO	1040	SERVICIO PROGRAMAS EDUCATIVOS	3
1360	INNOVACION EDUCATIVA Y ATENC. A LA DIVER	SDG	SUBDIRECCION GENERAL	1040	SUBDIRECCION GENERAL INNOVACION EDUCATIVA Y ATENC. A LA DIVER	3
1364	ENSEÑANZAS DE REGIMEN ESPECIAL	JSV	SERVICIO	1040	SERVICIO ENSEÑANZAS DE REGIMEN ESPECIAL	3
1366	ATENCION A LA DIVERSIDAD	JSV	SERVICIO	1040	SERVICIO ATENCION A LA DIVERSIDAD	3
2112	PARA LA CONVIVENCIA	OBS	OBSERVATORIO	1040	OBSERVATORIO PARA LA CONVIVENCIA	3
2636	MURCIA 1	EAT	EQUIPO DE ATENCION TEMPRANA	1040	EQUIPO DE ATENCION TEMPRANA MURCIA 1	3
2639	CARTAGENA	EAT	EQUIPO DE ATENCION TEMPRANA	1040	EQUIPO DE ATENCION TEMPRANA CARTAGENA	3
2744	DE ARTE	CUE	ESCUELA	1040	ESCUELA DE ARTE	3
2772	EDUCACION ADULTOS	CTR	CENTROS	1040	CENTROS EDUCACION ADULTOS	3
2775	EDUCACION ESPECIAL	CTR	CENTROS	1040	CENTROS EDUCACION ESPECIAL	3
2776	ENSEÑANZAS REGIMEN ESPECIAL	CTR	CENTROS	1040	CENTROS ENSEÑANZAS REGIMEN ESPECIAL	3
2783	NOROESTE. CEHEGIN	EAT	EQUIPO DE ATENCION TEMPRANA	1040	EQUIPO DE ATENCION TEMPRANA NOROESTE. CEHEGIN	3
2000	CALIDAD EDUCAT.Y FORMACION PROFESIONAL	DIR	DIRECCION GENERAL	262	DIRECCION GENERAL CALIDAD EDUCAT.Y FORMACION PROFESIONAL	2
1346	CALIDAD EDUCAT. Y FORMACION PROFESIONAL	SDG	SUBDIRECCION GENERAL	2000	SUBDIRECCION GENERAL CALIDAD EDUCAT. Y FORMACION PROFESIONAL	3
1347	FORMACION PROFESIONAL	JSV	SERVICIO	2000	SERVICIO FORMACION PROFESIONAL	3
1859	EVALUACION Y CALIDAD EDUCATIVA	JSV	SERVICIO	2000	SERVICIO EVALUACION Y CALIDAD EDUCATIVA	3
1916	ORDENACION ACADEMICA	JSV	SERVICIO	2000	SERVICIO ORDENACION ACADEMICA	3
2104	DEL INSTITUTO DE LAS CUALIFICACIONES	SDG	SUBDIRECCION GENERAL	2000	SUBDIRECCION GENERAL DEL INSTITUTO DE LAS CUALIFICACIONES	3
2031	JURIDICO	JSV	SERVICIO	262	SERVICIO JURIDICO	3
2032	ECONOMICO Y DE CONTRATACION	JSV	SERVICIO	262	SERVICIO ECONOMICO Y DE CONTRATACION	3
2611	UNIVERSIDADES E INVESTIGACION	DIR	DIRECCION GENERAL	262	DIRECCION GENERAL UNIVERSIDADES E INVESTIGACION	2
299	UNIVERSIDADES	JSV	SERVICIO	2611	SERVICIO UNIVERSIDADES	3
622	UNIVERSITARIA DE ENFERMERIA.CARTAGENA	ESC	ESCUELA	2611	ESCUELA UNIVERSITARIA DE ENFERMERIA.CARTAGENA	3
623	TECNICO ENFERMERIA.CARTAGENA	DIT	DIRECTOR	2611	DIRECTOR TECNICO ENFERMERIA.CARTAGENA	3
624	TECNICO ADJUNTO ENFERMERIA.CARTAGENA	DIT	DIRECTOR	2611	DIRECTOR TECNICO ADJUNTO ENFERMERIA.CARTAGENA	3
277	INDUST.CULTURALES Y DE LAS ARTES R.M.	INT	INSTITUTO	1	INSTITUTO INDUST.CULTURALES Y DE LAS ARTES R.M.	1
312	AGUA, AGRICULTURA Y MEDIO AMBIENTE	CON	CONSEJERIA	1	CONSEJERIA AGUA, AGRICULTURA Y MEDIO AMBIENTE	1
313	AGUA, AGRICULTURA Y MEDIO AMBIENTE	SEC	SECRETARIA GENERAL	312	SECRETARIA GENERAL AGUA, AGRICULTURA Y MEDIO AMBIENTE	2
316	TECNICA DE SUPERVISION DE PROYECTOS.	UNI	UNIDAD	313	UNIDAD TECNICA DE SUPERVISION DE PROYECTOS.	3
317	.	VIC	VICESECRETARIA	313	VICESECRETARIA .	3
318	REGIMEN INTERIOR	JSV	SERVICIO	313	SERVICIO REGIMEN INTERIOR	3
319	JURIDICO	JSV	SERVICIO	313	SERVICIO JURIDICO	3
320	ECONOMICO-PRESUPUESTARIO	JSV	SERVICIO	313	SERVICIO ECONOMICO-PRESUPUESTARIO	3
329	JUSTIFICACION PAGOS Y HABILITACION GRAL.	UNI	UNIDAD	313	UNIDAD JUSTIFICACION PAGOS Y HABILITACION GRAL.	3
393	COORDINACION OFICINAS COMARCALES AGRAR	JSV	SERVICIO	313	SERVICIO COORDINACION OFICINAS COMARCALES AGRAR	3
402	AUDITORIA INTERNA DEL ORGANISMO PAGADOR	UNI	UNIDAD	313	UNIDAD AUDITORIA INTERNA DEL ORGANISMO PAGADOR	3
701	COMARCAL AGRARIA ALHAMA DE MURCIA	OCA	OFICINA	313	OFICINA COMARCAL AGRARIA ALHAMA DE MURCIA	3
702	COMARCAL AGRARIA CARAVACA DE LA CRUZ	OCA	OFICINA	313	OFICINA COMARCAL AGRARIA CARAVACA DE LA CRUZ	3
703	COMARCAL AGRARIA CARTAGENA	OCA	OFICINA	313	OFICINA COMARCAL AGRARIA CARTAGENA	3
704	COMARCAL AGRARIA CIEZA	OCA	OFICINA	313	OFICINA COMARCAL AGRARIA CIEZA	3
705	COMARCAL AGRARIA JUMILLA	OCA	OFICINA	313	OFICINA COMARCAL AGRARIA JUMILLA	3
706	COMARCAL AGRARIA LORCA	OCA	OFICINA	313	OFICINA COMARCAL AGRARIA LORCA	3
707	COMARCAL AGRARIA MOLINA DE SEGURA	OCA	OFICINA	313	OFICINA COMARCAL AGRARIA MOLINA DE SEGURA	3
708	COMARCAL AGRARIA MULA	OCA	OFICINA	313	OFICINA COMARCAL AGRARIA MULA	3
709	COMARCAL AGRARIA MURCIA	OCA	OFICINA	313	OFICINA COMARCAL AGRARIA MURCIA	3
710	COMARCAL AGRARIA TORRE PACHECO	OCA	OFICINA	313	OFICINA COMARCAL AGRARIA TORRE PACHECO	3
1420	CONTRATACION	JSV	SERVICIO	313	SERVICIO CONTRATACION	3
2440	COMARCAL AGRARIA  FUENTE ALAMO-MAZARRON	OCA	OFICINA	313	OFICINA COMARCAL AGRARIA  FUENTE ALAMO-MAZARRON	3
2578	FOMENTO MEDIO AMBIENTE Y CAMBIO CLIMATIC	JSV	SERVICIO	313	SERVICIO FOMENTO MEDIO AMBIENTE Y CAMBIO CLIMATIC	3
2583	OFICINA IMPULSO SOCIO-ECONOM. MEDIO AMB.	SDG	SUBDIRECCION GENERAL	313	SUBDIRECCION GENERAL OFICINA IMPULSO SOCIO-ECONOM. MEDIO AMB.	3
330	DESARROLLO RURAL Y FORESTAL	DIR	DIRECCION GENERAL	312	DIRECCION GENERAL DESARROLLO RURAL Y FORESTAL	2
333	APOYO TÉCNICO, ECONÓM.Y DE ORDENACIÓN	JSV	SERVICIO	330	SERVICIO APOYO TÉCNICO, ECONÓM.Y DE ORDENACIÓN	3
337	DIVERSIFICACIÓN DE ECONOMÍA RURAL	JSV	SERVICIO	330	SERVICIO DIVERSIFICACIÓN DE ECONOMÍA RURAL	3
341	BIODIVERSIDAD, CAZA Y PESCA FLUVIAL	JSV	SERVICIO	330	SERVICIO BIODIVERSIDAD, CAZA Y PESCA FLUVIAL	3
342	GESTION Y PROTECCION FORESTAL	JSV	SERVICIO	330	SERVICIO GESTION Y PROTECCION FORESTAL	3
353	REGIONAL DE CAZA Y PESCA	CIN	OFICINA	330	OFICINA REGIONAL DE CAZA Y PESCA	3
392	MODERNIZ.EXPLOT.AGRAR.Y DE EXPLOT.PRIOR.	JSV	SERVICIO	330	SERVICIO MODERNIZ.EXPLOT.AGRAR.Y DE EXPLOT.PRIOR.	3
1446	PLANIFIC.AREAS PROTEG. Y DEF. MED.NATUR	JSV	SERVICIO	330	SERVICIO PLANIFIC.AREAS PROTEG. Y DEF. MED.NATUR	3
2727	POLITICA FORESTAL	SDO	SUBDIRECTOR GENERAL	330	SUBDIRECTOR GENERAL POLITICA FORESTAL	3
340	CALIDAD Y EVALUACION AMBIENTAL	DIR	DIRECCION GENERAL	312	DIRECCION GENERAL CALIDAD Y EVALUACION AMBIENTAL	2
380	PLANIFICACIÓN Y EVALUACIÓN AMBIENTAL	JSV	SERVICIO	340	SERVICIO PLANIFICACIÓN Y EVALUACIÓN AMBIENTAL	3
1432	INSPECCIÓN Y CONTROL AMBIENTAL	JSV	SERVICIO	340	SERVICIO INSPECCIÓN Y CONTROL AMBIENTAL	3
1434	INFORMACION E INTEGRACION AMBIENTAL	JSV	SERVICIO	340	SERVICIO INFORMACION E INTEGRACION AMBIENTAL	3
2490	EVALUACION AMBIENTAL	SDG	SUBDIRECCION GENERAL	340	SUBDIRECCION GENERAL EVALUACION AMBIENTAL	3
2577	GESTION Y DISCIPLINA AMBIENTAL	JSV	SERVICIO	340	SERVICIO GESTION Y DISCIPLINA AMBIENTAL	3
354	DEL AGUA	DIR	DIRECCION GENERAL	312	DIRECCION GENERAL DEL AGUA	2
335	INFRAESTRUCTURAS RURALES	JSV	SERVICIO	354	SERVICIO INFRAESTRUCTURAS RURALES	3
355	OBRAS HIDRAULICAS	JSV	SERVICIO	354	SERVICIO OBRAS HIDRAULICAS	3
356	ESTUDIOS Y PLANIFICACION HIDROLOGICA	JSV	SERVICIO	354	SERVICIO ESTUDIOS Y PLANIFICACION HIDROLOGICA	3
1778	APOYO TECNICO	JSV	SERVICIO	354	SERVICIO APOYO TECNICO	3
359	AGRICULTURA, GANADERIA, PESCA Y ACUICULT	DIR	DIRECCION GENERAL	312	DIRECCION GENERAL AGRICULTURA, GANADERIA, PESCA Y ACUICULT	2
364	SANIDAD VEGETAL	JSV	SERVICIO	359	SERVICIO SANIDAD VEGETAL	3
368	SANIDAD ANIMAL	JSV	SERVICIO	359	SERVICIO SANIDAD ANIMAL	3
369	AGROALIMENTARIO Y DE SANIDAD ANIMAL	LAB	LABORATORIO	359	LABORATORIO AGROALIMENTARIO Y DE SANIDAD ANIMAL	3
370	PESCA Y ACUICULTURA	JSV	SERVICIO	359	SERVICIO PESCA Y ACUICULTURA	3
372	PRODUCCION AGROALIMENTARIA	DEP	DEPARTAMENTO	359	DEPARTAMENTO PRODUCCION AGROALIMENTARIA	3
373	SANIDAD ANIMAL	DEP	DEPARTAMENTO	359	DEPARTAMENTO SANIDAD ANIMAL	3
374	CALIDAD	DEP	DEPARTAMENTO	359	DEPARTAMENTO CALIDAD	3
1777	PRODUCCION ANIMAL	JSV	SERVICIO	359	SERVICIO PRODUCCION ANIMAL	3
389	PRODUCCIONES Y MERCADOS AGROALIMENTARIOS	DIR	DIRECCION GENERAL	312	DIRECCION GENERAL PRODUCCIONES Y MERCADOS AGROALIMENTARIOS	2
332	INDUSTRIAS Y PROMOCION AGROALIMENTARIA	JSV	SERVICIO	389	SERVICIO INDUSTRIAS Y PROMOCION AGROALIMENTARIA	3
1426	PRODUCCION AGRICOLA	JSV	SERVICIO	389	SERVICIO PRODUCCION AGRICOLA	3
1776	ASOCIACIONISMO AGRARIO Y ESTADISTICAS	JSV	SERVICIO	389	SERVICIO ASOCIACIONISMO AGRARIO Y ESTADISTICAS	3
648	FONDOS AGRARIOS	DIR	DIRECCION GENERAL	312	DIRECCION GENERAL FONDOS AGRARIOS	2
404	COORDINACION DEL ORGANISMO PAGADOR	UNI	UNIDAD	648	UNIDAD COORDINACION DEL ORGANISMO PAGADOR	3
1428	MEJORA DEL ENTORNO RURAL	JSV	SERVICIO	648	SERVICIO MEJORA DEL ENTORNO RURAL	3
1429	INTERVENCION Y REGULACION DE MERCADOS	JSV	SERVICIO	648	SERVICIO INTERVENCION Y REGULACION DE MERCADOS	3
1430	GESTION AYUDAS A LA RENTAS AGRARIAS	JSV	SERVICIO	648	SERVICIO GESTION AYUDAS A LA RENTAS AGRARIAS	3
1775	COORDINACION SISTEMA INTEGRADO DE AYUDAS	UNI	UNIDAD	648	UNIDAD COORDINACION SISTEMA INTEGRADO DE AYUDAS	3
2721	INNOVACION AGROALIMENTARIA	DIR	DIRECCION GENERAL	312	DIRECCION GENERAL INNOVACION AGROALIMENTARIA	2
391	FORMACION Y TRANSF.TECNOLOG	JSV	SERVICIO	2721	SERVICIO FORMACION Y TRANSF.TECNOLOG	3
398	FORMACIÓN Y EXP. AGRARIAS. JUMILLA	CIF	CIFP	2721	CIFP FORMACIÓN Y EXP. AGRARIAS. JUMILLA	3
399	FORMACIÓN Y EXP. AGRARIAS. LORCA	CIF	CIFP	2721	CIFP FORMACIÓN Y EXP. AGRARIAS. LORCA	3
400	FORMACIÓN Y EXP. AGRARIAS.TORRE PACHECO	CIF	CIFP	2721	CIFP FORMACIÓN Y EXP. AGRARIAS.TORRE PACHECO	3
401	FORMACIÓN Y EXP. AGRAR.MOLINA DE SEGURA	CIF	CIFP	2721	CIFP FORMACIÓN Y EXP. AGRAR.MOLINA DE SEGURA	3
390	INS.MURC.DE INV.Y DES.AGR.Y ALIM.(IMIDA)	ORG	O. A.	1	O. A. INS.MURC.DE INV.Y DES.AGR.Y ALIM.(IMIDA)	1
377	RECURSOS MARINOS S.PEDRO PINATAR	TRO	CENTRO	390	CENTRO RECURSOS MARINOS S.PEDRO PINATAR	3
1878	IMIDA	GET	GERENTE	390	GERENTE IMIDA	3
1879	GESTION ECONOMICO-ADMINISTRATIVA	JSV	SERVICIO	390	SERVICIO GESTION ECONOMICO-ADMINISTRATIVA	3
1880	TRANSFERENCIA RESULTADOS INVESTIGACION	CIN	OFICINA	390	OFICINA TRANSFERENCIA RESULTADOS INVESTIGACION	3
2676	EXPERIMENTAL TORREBLANCA. T. PACHECO	FIN	FINCA	390	FINCA EXPERIMENTAL TORREBLANCA. T. PACHECO	3
2677	HACIENDA NUEVA. CEHEGIN	FIN	FINCA	390	FINCA HACIENDA NUEVA. CEHEGIN	3
2679	ENOLÓGICA. JUMILLA	EST	ESTACION	390	ESTACION ENOLÓGICA. JUMILLA	3
2680	MEJORA GANADERA GUADALUPE	EST	ESTACION	390	ESTACION MEJORA GANADERA GUADALUPE	3
491	SANIDAD	CON	CONSEJERIA	1	CONSEJERIA SANIDAD	1
492	SANIDAD	SEC	SECRETARIA GENERAL	491	SECRETARIA GENERAL SANIDAD	2
494	CONSEJERIA DE SANIDAD	VIC	VICESECRETARIA	492	VICESECRETARIA CONSEJERIA DE SANIDAD	3
495	REGIMEN INTERIOR	JSV	SERVICIO	492	SERVICIO REGIMEN INTERIOR	3
496	JURIDICO	JSV	SERVICIO	492	SERVICIO JURIDICO	3
497	ECONOMICO Y DE CONTRATACION	JSV	SERVICIO	492	SERVICIO ECONOMICO Y DE CONTRATACION	3
499	OBRAS Y MANTENIMIENTO	JSV	SERVICIO	492	SERVICIO OBRAS Y MANTENIMIENTO	3
1374	TECNICO DE TRANSFERENCIAS SANITARIAS	COO	COORDINADOR	492	COORDINADOR TECNICO DE TRANSFERENCIAS SANITARIAS	3
1567	DESARROLLO NORMATIVO	JSV	SERVICIO	492	SERVICIO DESARROLLO NORMATIVO	3
508	SALUD PUBLICA Y ADICCIONES	DIR	DIRECCION GENERAL	491	DIRECCION GENERAL SALUD PUBLICA Y ADICCIONES	2
509	SEGURIDAD ALIMENTARIA Y ZOONOSIS	JSV	SERVICIO	508	SERVICIO SEGURIDAD ALIMENTARIA Y ZOONOSIS	3
510	SALUD PUBLICA LORCA	JSV	SERVICIO	508	SERVICIO SALUD PUBLICA LORCA	3
511	SALUD PUBLICA CARTAGENA	JSV	SERVICIO	508	SERVICIO SALUD PUBLICA CARTAGENA	3
512	EPIDEMIOLOGIA	JSV	SERVICIO	508	SERVICIO EPIDEMIOLOGIA	3
514	PREVENCION Y PROTECCION DE LA SALUD	JSV	SERVICIO	508	SERVICIO PREVENCION Y PROTECCION DE LA SALUD	3
518	SANIDAD AMBIENTAL	JSV	SERVICIO	508	SERVICIO SANIDAD AMBIENTAL	3
520	REGIONAL DE SALUD PUBLICA	LAB	LABORATORIO	508	LABORATORIO REGIONAL DE SALUD PUBLICA	3
676	INSPECCION SALUD PUBLICA A.S.MURCIA	COO	COORDINADOR	508	COORDINADOR INSPECCION SALUD PUBLICA A.S.MURCIA	3
677	INSPECCION SALUD PUBLICA A.S.CARTAGENA	COO	COORDINADOR	508	COORDINADOR INSPECCION SALUD PUBLICA A.S.CARTAGENA	3
678	INSPECCION SALUD PUBLICA A.S.LORCA	COO	COORDINADOR	508	COORDINADOR INSPECCION SALUD PUBLICA A.S.LORCA	3
679	INSPECCION SALUD PUBLICA A.S.NOROESTE	COO	COORDINADOR	508	COORDINADOR INSPECCION SALUD PUBLICA A.S.NOROESTE	3
680	INSP.SAL.PUBL.A.S.ALTIPLANO/MAT.MUN.YECL	COO	COORDINADOR	508	COORDINADOR INSP.SAL.PUBL.A.S.ALTIPLANO/MAT.MUN.YECL	3
681	INSP.SALUD.PUBL.A.S.VEGA SEGUR/COM.OR.	COO	COORDINADOR	508	COORDINADOR INSP.SALUD.PUBL.A.S.VEGA SEGUR/COM.OR.	3
1375	PROMOCION Y EDUCACION PARA LA SALUD	JSV	SERVICIO	508	SERVICIO PROMOCION Y EDUCACION PARA LA SALUD	3
1379	COORDINACION TECNICA DE ADICCIONES	UND	UNIDAD	508	UNIDAD COORDINACION TECNICA DE ADICCIONES	3
1028	PLANIF,INVESTIG,FARMAC.Y ATENC.CIUDADANO	DIR	DIRECCION GENERAL	491	DIRECCION GENERAL PLANIF,INVESTIG,FARMAC.Y ATENC.CIUDADANO	2
513	PLANIFICACION Y FINANCIACION SANITARIA	JSV	SERVICIO	1028	SERVICIO PLANIFICACION Y FINANCIACION SANITARIA	3
1557	ATENCIÓN AL CIUD. ORDENA. E INSPEC.SANIT	SDG	SUBDIRECCION GENERAL	1028	SUBDIRECCION GENERAL ATENCIÓN AL CIUD. ORDENA. E INSPEC.SANIT	3
1558	INFORM.AL CIUD.Y DEF.DE USUAR.SERV.SANIT	JSV	SERVICIO	1028	SERVICIO INFORM.AL CIUD.Y DEF.DE USUAR.SERV.SANIT	3
1559	INSP.CENTROS, SERV.Y ESTABLECIM.SANITAR.	JSV	SERVICIO	1028	SERVICIO INSP.CENTROS, SERV.Y ESTABLECIM.SANITAR.	3
1560	INSPECION DE PRESTACIONES ASISTENCIALES	JSV	SERVICIO	1028	SERVICIO INSPECION DE PRESTACIONES ASISTENCIALES	3
1561	INCAPACIDAD TEMPORAL Y SALUD LABORAL	JSV	SERVICIO	1028	SERVICIO INCAPACIDAD TEMPORAL Y SALUD LABORAL	3
1563	COORDINACION INSTITUCIONAL	UNI	UNIDAD	1028	UNIDAD COORDINACION INSTITUCIONAL	3
1565	ORD.Y ACRED.SANITARIA Y CALIDAD ASISTENC	JSV	SERVICIO	1028	SERVICIO ORD.Y ACRED.SANITARIA Y CALIDAD ASISTENC	3
1566	ORDENACION Y ATENCION FARMACEUTICA	JSV	SERVICIO	1028	SERVICIO ORDENACION Y ATENCION FARMACEUTICA	3
1604	DE FARMACIA E INVESTIGACION	SDG	SUBDIRECCION GENERAL	1028	SUBDIRECCION GENERAL DE FARMACIA E INVESTIGACION	3
1626	FORMACION CONTINUADA,DOCENCIA E INVESTIG	JSV	SERVICIO	1028	SERVICIO FORMACION CONTINUADA,DOCENCIA E INVESTIG	3
2653	PROGRAM. RECURSOS SANITARIOS	JSV	SERVICIO	1028	SERVICIO PROGRAM. RECURSOS SANITARIOS	3
2728	MEDICA	INS	INSPECCION	1028	INSPECCION MEDICA	3
2729	MEDICA. CARTAGENA	INS	INSPECCION	1028	INSPECCION MEDICA. CARTAGENA	3
2730	MEDICA.LORCA	INS	INSPECCION	1028	INSPECCION MEDICA.LORCA	3
541	INSTITUTO MURCIANO DE ACCION SOCIAL	ORG	O. A.	1	O. A. INSTITUTO MURCIANO DE ACCION SOCIAL	1
543	.	SGO	SECRETARIA GENERAL TECNICA	541	SECRETARIA GENERAL TECNICA .	2
546	PERSONAL	JSV	SERVICIO	543	SERVICIO PERSONAL	3
547	PREV.RIEGOS LABORAL.Y REGIMEN INTERIOR	JSV	SERVICIO	543	SERVICIO PREV.RIEGOS LABORAL.Y REGIMEN INTERIOR	3
548	JURIDICO	JSV	SERVICIO	543	SERVICIO JURIDICO	3
549	ECONOMICO-CONTABLE Y DE CONTRATACION	JSV	SERVICIO	543	SERVICIO ECONOMICO-CONTABLE Y DE CONTRATACION	3
1666	TECNICA	CIN	OFICINA	543	OFICINA TECNICA	3
1988	DE PERSONAS MAYORES	DIO	DIRECCION GENERAL	541	DIRECCION GENERAL DE PERSONAS MAYORES	2
544	DE PERSONAS MAYORES	SDO	SUBDIRECTOR GENERAL	1988	SUBDIRECTOR GENERAL DE PERSONAS MAYORES	3
564	ATENCION PERSONAS MAYORES	JSV	SERVICIO	1988	SERVICIO ATENCION PERSONAS MAYORES	3
928	R.P.M.	ADM	ADMINISTRADOR	1988	ADMINISTRADOR R.P.M.	3
1031	RESID.PSICOGERIATRICA VIRGEN DEL VALLE	DIT	DIRECTOR	1988	DIRECTOR RESID.PSICOGERIATRICA VIRGEN DEL VALLE	3
1749	ADMINISTRACION SAN BASILIO	UNI	UNIDAD	1988	UNIDAD ADMINISTRACION SAN BASILIO	3
1750	SERVICIOS SAN BASILIO	UN2	UNIDAD	1988	UNIDAD SERVICIOS SAN BASILIO	3
1751	ENFERMERIA SAN BASILIO	UN2	UNIDAD	1988	UNIDAD ENFERMERIA SAN BASILIO	3
1752	ENFERMERIA RESID.PSICOG. VIRGEN VALLE	UN2	UNIDAD	1988	UNIDAD ENFERMERIA RESID.PSICOG. VIRGEN VALLE	3
1753	PSIQUIATRIA RESD.PSICOG.VIRGEN VALLE	UN2	UNIDAD	1988	UNIDAD PSIQUIATRIA RESD.PSICOG.VIRGEN VALLE	3
1802	COCINA SAN BASILIO	UN2	UNIDAD	1988	UNIDAD COCINA SAN BASILIO	3
1803	MANTENIMIENTO SAN BASILIO	UN2	UNIDAD	1988	UNIDAD MANTENIMIENTO SAN BASILIO	3
1811	ENFERMERIA RPM LORCA	UN2	UNIDAD	1988	UNIDAD ENFERMERIA RPM  LORCA	3
1812	ADMINISTRACION RPM  LORCA	UNI	UNIDAD	1988	UNIDAD ADMINISTRACION RPM LORCA	3
1813	SERVICIOS RPM  LORCA	UN2	UNIDAD	1988	UNIDAD SERVICIOS RPM  LORCA	3
1814	COCINA RPM  LORCA	UN2	UNIDAD	1988	UNIDAD COCINA RPM  LORCA	3
1815	ENFERMERIA RPM ALHAMA DE MURCIA	UN2	UNIDAD	1988	UNIDAD ENFERMERIA RPM ALHAMA DE MURCIA	3
1816	ENFERMERIA (ATS) RPM	UN2	UNIDAD	1988	UNIDAD ENFERMERIA (ATS) RPM	3
1817	ENFERMERIA ASISTIDA RPM	UN2	UNIDAD	1988	UNIDAD ENFERMERIA ASISTIDA RPM	3
1818	ENFERMERIA AZUL RPM	UN2	UNIDAD	1988	UNIDAD ENFERMERIA AZUL RPM	3
1819	ENFERMERIA GERO RPM	UN2	UNIDAD	1988	UNIDAD ENFERMERIA GERO RPM	3
1820	ENFERMERIA MIXTA RPM	UN2	UNIDAD	1988	UNIDAD ENFERMERIA MIXTA RPM	3
1821	ADMINISTRACION RPM  CARTAGENA	UNI	UNIDAD	1988	UNIDAD ADMINISTRACION RPM  CARTAGENA	3
1822	ENFERMERIA RPM CARTAGENA	UNI	UNIDAD	1988	UNIDAD ENFERMERIA RPM CARTAGENA	3
1824	COCINA RPM CARTAGENA	UNI	UNIDAD	1988	UNIDAD COCINA RPM CARTAGENA	3
1869	MANTENIMIENTO RPM LORCA	UN2	UNIDAD	1988	UNIDAD MANTENIMIENTO RPM LORCA	3
1992	ATS/DUE RPM SAN BASILIO	UN2	UNIDAD	1988	UNIDAD ATS/DUE RPM SAN BASILIO	3
2044	SERVICIOS R.P.M. ALHAMA DE MURCIA	UN2	UNIDAD	1988	UNIDAD SERVICIOS R.P.M. ALHAMA DE MURCIA	3
2045	PSIQUIATRIA II VIRGEN DEL VALLE	UN2	UNIDAD	1988	UNIDAD PSIQUIATRIA II VIRGEN DEL VALLE	3
1989	GENERAL DE PERSONAS CON DISCAPACIDAD	DIO	DIRECCION GENERAL	541	DIRECCION GENERAL GENERAL DE PERSONAS CON DISCAPACIDAD	2
566	ATENCION DISCAP.,INMIG. Y OTROS COLECTIV	JSV	SERVICIO	1989	SERVICIO ATENCION DISCAP.,INMIG. Y OTROS COLECTIV	3
720	ENF.MENTALES CRONICOS LUIS VALENCIANO	DIT	DIRECTOR	1989	DIRECTOR ENF.MENTALES CRONICOS LUIS VALENCIANO	3
727	C.A.M.P.CHURRA	DIT	DIRECTOR	1989	DIRECTOR C.A.M.P.CHURRA	3
733	RTL EL PEÑASCO E ISLA PLANA (MAZARRON)	DIT	DIRECTOR	1989	DIRECTOR RTL EL PEÑASCO E ISLA PLANA (MAZARRON)	3
1808	ENFERMERIA C.O.LOS OLIVOS	UN2	UNIDAD	1989	UNIDAD ENFERMERIA C.O.LOS OLIVOS	3
1810	ENFERMERIA C.O.EL PALMAR	UN2	UNIDAD	1989	UNIDAD ENFERMERIA C.O.EL PALMAR	3
1825	ADMINISTRACION LUIS VALENCIANO	UNI	UNIDAD	1989	UNIDAD ADMINISTRACION LUIS VALENCIANO	3
1826	SERVICIOS LUIS VALENCIANO	UN2	UNIDAD	1989	UNIDAD SERVICIOS LUIS VALENCIANO	3
1827	COSTURA LUIS VALENCIANO	UN2	UNIDAD	1989	UNIDAD COSTURA LUIS VALENCIANO	3
1828	MANTENIMIENTO LUIS VALENCIANO	UN2	UNIDAD	1989	UNIDAD MANTENIMIENTO LUIS VALENCIANO	3
1829	COCINA LUIS VALENCIANO	UN2	UNIDAD	1989	UNIDAD COCINA LUIS VALENCIANO	3
1830	ENFERMERIA LUIS VALENCIANO	UN2	UNIDAD	1989	UNIDAD ENFERMERIA LUIS VALENCIANO	3
1832	ENFERMERIA C.O.LOPEZ AMBIT	UN2	UNIDAD	1989	UNIDAD ENFERMERIA C.O.LOPEZ AMBIT	3
1850	ADMINISTRACION C.O.CHURRA	UNI	UNIDAD	1989	UNIDAD ADMINISTRACION C.O.CHURRA	3
1851	COCINA C.O.CHURRA	UN2	UNIDAD	1989	UNIDAD COCINA C.O.CHURRA	3
1852	EDUCADORES/AUXILIARES C.O.CHURRA	UN2	UNIDAD	1989	UNIDAD EDUCADORES/AUXILIARES C.O.CHURRA	3
1853	SERVICIOS C.O.CHURRA	UN2	UNIDAD	1989	UNIDAD SERVICIOS C.O.CHURRA	3
1868	ENFERMERIA C.O.CHURRA	UN2	UNIDAD	1989	UNIDAD ENFERMERIA C.O.CHURRA	3
1870	ORIAD	COO	COORDINADOR	1989	COORDINADOR ORIAD	3
1991	DE PERSONAS CON DISCAPACIDAD	SDO	SUBDIRECTOR GENERAL	1989	SUBDIRECTOR GENERAL DE PERSONAS CON DISCAPACIDAD	3
2172	COCINA C.O. CANTERAS	UN2	UNIDAD	1989	UNIDAD COCINA C.O. CANTERAS	3
2173	SERVICIOS C.O. CANTERAS	UN2	UNIDAD	1989	UNIDAD SERVICIOS C.O. CANTERAS	3
2174	ENFERMERIA C.O. CANTERAS	UN2	UNIDAD	1989	UNIDAD ENFERMERIA C.O. CANTERAS	3
2175	AUXILIAR DE ENFERMERIA C.O. CANTERAS	UN2	UNIDAD	1989	UNIDAD AUXILIAR DE ENFERMERIA C.O. CANTERAS	3
2176	ADMINISTRACION C.O. CANTERAS	UNI	UNIDAD	1989	UNIDAD ADMINISTRACION C.O. CANTERAS	3
2673	ADMINISTRACION EL PALMAR	UNI	UNIDAD	1989	UNIDAD ADMINISTRACION EL PALMAR	3
1990	GRAL.PENSIONES,VALORAC.Y PROGR.INCLUSION	DIO	DIRECCION GENERAL	541	DIRECCION GENERAL GRAL.PENSIONES,VALORAC.Y PROGR.INCLUSION	2
545	PENSIONES,AYUDAS Y PROGRAMAS INCLUSION	SDO	SUBDIRECTOR GENERAL	1990	SUBDIRECTOR GENERAL PENSIONES,AYUDAS Y PROGRAMAS INCLUSION	3
562	VALORACION Y DIAGNOSTICO	JSV	SERVICIO	1990	SERVICIO VALORACION Y DIAGNOSTICO	3
576	PENSIONES	JSV	SERVICIO	1990	SERVICIO PENSIONES	3
577	PENSIONISTAS	JSV	SERVICIO	1990	SERVICIO PENSIONISTAS	3
578	PRESTACIONES ECONOMICAS	JSV	SERVICIO	1990	SERVICIO PRESTACIONES ECONOMICAS	3
1672	VALORACION Y DIAGNOSTICO DE MURCIA	UNI	UNIDAD	1990	UNIDAD VALORACION Y DIAGNOSTICO DE MURCIA	3
1673	VALORACION Y DIAGNOSTICO DE CARTAGENA	UNI	UNIDAD	1990	UNIDAD VALORACION Y DIAGNOSTICO DE CARTAGENA	3
1674	VALORACION Y DIAGNOSTICO DE LORCA	UNI	UNIDAD	1990	UNIDAD VALORACION Y DIAGNOSTICO DE LORCA	3
1675	PROGRAMAS INCLUSION Y CORRESPONS.SOCIAL	JSV	SERVICIO	1990	SERVICIO PROGRAMAS INCLUSION Y CORRESPONS.SOCIAL	3
2652	VALORACION Y TRAMITACION DE LA DEPENDENC	CET	CENTRO	1990	CENTRO VALORACION Y TRAMITACION DE LA DEPENDENC	3
2452	PERSONAS DISCAPACITADAS	CNS	CENTRO NO SINGULARIZADO	541	CENTRO NO SINGULARIZADO PERSONAS DISCAPACITADAS	3
2453	PERSONAS MAYORES	CNS	CENTRO NO SINGULARIZADO	541	CENTRO NO SINGULARIZADO PERSONAS MAYORES	3
2454	PENSIONES	CNS	CENTRO NO SINGULARIZADO	541	CENTRO NO SINGULARIZADO PENSIONES	3
586	SERVICIO MURCIANO DE SALUD	EMP	EMPRESA PUBLICA	1	EMPRESA PUBLICA SERVICIO MURCIANO DE SALUD	1
516	CENTRO BIOQUIMICA Y GENETICA CLINICA	DIT	DIRECTOR	586	DIRECTOR CENTRO BIOQUIMICA Y GENETICA CLINICA	3
587	TECNICA DEL S.M.S.	STE	SECRETARIA GENERAL	586	SECRETARIA GENERAL TECNICA DEL S.M.S.	2
588	OBRAS Y CONTRATACION	JSV	SERVICIO	587	SERVICIO OBRAS Y CONTRATACION	3
590	PREV.RIESG.LABORALES Y REGIMEN INTERIOR	JSV	SERVICIO	587	SERVICIO PREV.RIESG.LABORALES Y REGIMEN INTERIOR	3
591	JURIDICO	JSV	SERVICIO	587	SERVICIO JURIDICO	3
592	GESTION ECONOMICA Y FINANCIERA	JSV	SERVICIO	587	SERVICIO GESTION ECONOMICA Y FINANCIERA	3
662	JURIDICA DE ESTUDIOS E INFORMES	JUN	UNIDAD	587	UNIDAD JURIDICA DE ESTUDIOS E INFORMES	3
663	CONTROL INTERNO	JSV	SERVICIO	587	SERVICIO CONTROL INTERNO	3
1071	COORDINACION Y APLICACIONES INFORMATICAS	JSV	SERVICIO	587	SERVICIO COORDINACION Y APLICACIONES INFORMATICAS	3
1564	CENT.TECNOL.E INFORMACION Y DOCUM.SANIT.	DIT	DIRECTOR	587	DIRECTOR CENT.TECNOL.E INFORMACION Y DOCUM.SANIT.	3
1630	DE ASUNTOS ECONOMICOS	SDG	SUBDIRECCION GENERAL	587	SUBDIRECCION GENERAL DE ASUNTOS ECONOMICOS	3
1631	CONTABILIDAD DE INGRESOS Y GASTOS	JSV	SERVICIO	587	SERVICIO CONTABILIDAD DE INGRESOS Y GASTOS	3
1635	TESORERIA Y PATRIMONIO	JSV	SERVICIO	587	SERVICIO TESORERIA Y PATRIMONIO	3
1638	PLANIFICACION Y COORDINACION ECONOMICA	JSV	SERVICIO	587	SERVICIO PLANIFICACION Y COORDINACION ECONOMICA	3
1654	DE TECNOLOGIAS DE LA INFORMACION	SDG	SUBDIRECCION GENERAL	587	SUBDIRECCION GENERAL DE TECNOLOGIAS DE LA INFORMACION	3
1655	SISTEMAS INFORMATICOS Y COMUNICACIONES	JSV	SERVICIO	587	SERVICIO SISTEMAS INFORMATICOS Y COMUNICACIONES	3
654	ASISTENCIA SANITARIA	DIE	DIRECCION GENERAL	586	DIRECCION GENERAL ASISTENCIA SANITARIA	2
601	HOSPITAL GENERAL REINA SOFIA	DHE	DIRECCION GERENCIAL	654	DIRECCION GERENCIAL HOSPITAL GENERAL REINA SOFIA	3
603	MEDICA	DME	DIRECCION	654	DIRECCION MEDICA	3
604	GESTION	DME	DIRECCION	654	DIRECCION GESTION	3
607	ENFERMERIA	DME	DIRECCION	654	DIRECCION ENFERMERIA	3
610	HOSPITAL LOS ARCOS	DHE	DIRECCION GERENCIAL	654	DIRECCION GERENCIAL HOSPITAL LOS ARCOS	3
612	MEDICA	DME	DIRECCION	654	DIRECCION MEDICA	3
613	HOSP.PSIQUIATRICO ROMAN ALBERCA	DHE	DIRECCION GERENCIAL	654	DIRECCION GERENCIAL HOSP.PSIQUIATRICO ROMAN ALBERCA	3
614	SALUD MENTAL	DEP	DEPARTAMENTO	654	DEPARTAMENTO SALUD MENTAL	3
615	GESTION	DME	DIRECCION	654	DIRECCION GESTION	3
616	MEDICA	DME	DIRECCION	654	DIRECCION MEDICA	3
619	REGIONAL DE HEMODONACION	CET	CENTRO	654	CENTRO REGIONAL DE HEMODONACION	3
620	TECNICO	DIT	DIRECTOR	654	DIRECTOR TECNICO	3
621	.	ADM	ADMINISTRADOR	654	ADMINISTRADOR .	3
625	TRAUMATOLOGIA Y CIRUGIA ORTOPEDICA	JSV	SERVICIO	654	SERVICIO TRAUMATOLOGIA Y CIRUGIA ORTOPEDICA	3
626	MEDICINA INTERNA	JSV	SERVICIO	654	SERVICIO MEDICINA INTERNA	3
627	MEDICINA INTENSIVA	JSV	SERVICIO	654	SERVICIO MEDICINA INTENSIVA	3
628	ANESTESISTA Y REANIMACION	JSV	SERVICIO	654	SERVICIO ANESTESISTA Y REANIMACION	3
629	UROLOGIA	JSV	SERVICIO	654	SERVICIO UROLOGIA	3
630	CIRUGIA GENERAL Y APARATO DIGESTIVO	JSV	SERVICIO	654	SERVICIO CIRUGIA GENERAL Y APARATO DIGESTIVO	3
655	EVALUACION Y CONTROL DE SERV.SANITARIOS	JSV	SERVICIO	654	SERVICIO EVALUACION Y CONTROL DE SERV.SANITARIOS	3
657	DROGODEPENDENCIAS	JSV	SERVICIO	654	SERVICIO DROGODEPENDENCIAS	3
658	PROGRAMAS ASISTENCIALES INFANTO-JUVENIL	JSV	SERVICIO	654	SERVICIO PROGRAMAS ASISTENCIALES INFANTO-JUVENIL	3
659	PROGR. ASIST.DE ADULTOS Y REHABILITACION	JSV	SERVICIO	654	SERVICIO PROGR. ASIST.DE ADULTOS Y REHABILITACION	3
929	AREA MEDICA	SDE	SUBDIRECCIÓN	654	SUBDIRECCIÓN AREA MEDICA	3
930	HEMATOLOGIA	JSV	SERVICIO	654	SERVICIO HEMATOLOGIA	3
931	PSIQUIATRIA	JSV	SERVICIO	654	SERVICIO PSIQUIATRIA	3
943	AREA QUIRURGICA	SDE	SUBDIRECCIÓN	654	SUBDIRECCIÓN AREA QUIRURGICA	3
949	OFTALMOLOGIA	JSV	SERVICIO	654	SERVICIO OFTALMOLOGIA	3
950	OTORRINOLARINGOLOGIA	JSV	SERVICIO	654	SERVICIO OTORRINOLARINGOLOGIA	3
955	AREA MEDICOS CENTRALES	SDE	SUBDIRECCIÓN	654	SUBDIRECCIÓN AREA MEDICOS CENTRALES	3
956	ANALISIS CLINICOS	JSV	SERVICIO	654	SERVICIO ANALISIS CLINICOS	3
957	MICROBIOLOGIA	JSV	SERVICIO	654	SERVICIO MICROBIOLOGIA	3
958	ANATOMIA PATOLOGICA	JSV	SERVICIO	654	SERVICIO ANATOMIA PATOLOGICA	3
959	RADIODIAGNOSTICO	JSV	SERVICIO	654	SERVICIO RADIODIAGNOSTICO	3
970	ENFERMERIA	SUD	SUBDIRECTOR	654	SUBDIRECTOR ENFERMERIA	3
975	ADJUNTO	ADM	ADMINISTRADOR	654	ADMINISTRADOR ADJUNTO	3
981	AREA MEDICA	SUD	SUBDIRECTOR	654	SUBDIRECTOR AREA MEDICA	3
982	AREA QUIRURGICA	SUD	SUBDIRECTOR	654	SUBDIRECTOR AREA QUIRURGICA	3
983	AREA SERVICIOS MEDICOS CENTRALES	SUD	SUBDIRECTOR	654	SUBDIRECTOR AREA SERVICIOS MEDICOS CENTRALES	3
984	MEDICINA INTERNA	JSV	SERVICIO	654	SERVICIO MEDICINA INTERNA	3
985	PEDIATRIA	JSV	SERVICIO	654	SERVICIO PEDIATRIA	3
986	TOCOGINECOLOGIA	JSV	SERVICIO	654	SERVICIO TOCOGINECOLOGIA	3
987	CIRUGIA GENERAL Y APARATO DIGESTIVO	JSV	SERVICIO	654	SERVICIO CIRUGIA GENERAL Y APARATO DIGESTIVO	3
996	URGENCIAS	JUN	UNIDAD	654	UNIDAD URGENCIAS	3
997	ADMISION	JUN	UNIDAD	654	UNIDAD ADMISION	3
998	ENFERMERIA	DME	DIRECCION	654	DIRECCION ENFERMERIA	3
999	ADJUNTO ENFERMERIA	COO	COORDINADOR	654	COORDINADOR ADJUNTO ENFERMERIA	3
1000	UNIDAD ENFERMERIA AREA SERVICIOS MEDICOS	COO	COORDINADOR	654	COORDINADOR UNIDAD ENFERMERIA AREA SERVICIOS MEDICOS	3
1001	ENFERMERIA AREA SERVICIOS CENTRALES	COO	COORDINADOR	654	COORDINADOR ENFERMERIA AREA SERVICIOS CENTRALES	3
1002	UNIDAD ENFERMERIA AREA SERVICIOS QUIRUR.	COO	COORDINADOR	654	COORDINADOR UNIDAD ENFERMERIA AREA SERVICIOS QUIRUR.	3
1003	UNIDAD ENFERMERIA DOCENCIA	COO	COORDINADOR	654	COORDINADOR UNIDAD ENFERMERIA DOCENCIA	3
1004	GESTION Y SERVICIOS GENERALES	DIT	DIRECTOR	654	DIRECTOR GESTION Y SERVICIOS GENERALES	3
1005	GESTION ECONOMICA	JSV	SERVICIO	654	SERVICIO GESTION ECONOMICA	3
1006	PERSONAL Y HOSTELERIA	JSV	SERVICIO	654	SERVICIO PERSONAL Y HOSTELERIA	3
1007	ENFERMERIA	DME	DIRECCION	654	DIRECCION ENFERMERIA	3
1008	ADJUNTO ENFERMERIA	COO	COORDINADOR	654	COORDINADOR ADJUNTO ENFERMERIA	3
1009	UNIDAD ENFERMERIA SERVICIOS CENTRALES	COO	COORDINADOR	654	COORDINADOR UNIDAD ENFERMERIA SERVICIOS CENTRALES	3
1010	UNIDAD ENFERMERIA HOSPITALIZACION AGUDOS	COO	COORDINADOR	654	COORDINADOR UNIDAD ENFERMERIA HOSPITALIZACION AGUDOS	3
1011	UNIDAD ENFERMERIA REHABILITACION	COO	COORDINADOR	654	COORDINADOR UNIDAD ENFERMERIA REHABILITACION	3
1014	AGUDOS	JSV	SERVICIO	654	SERVICIO AGUDOS	3
1015	REHABILITACION	JSV	SERVICIO	654	SERVICIO REHABILITACION	3
1016	PSICOLOGIA	JSV	SERVICIO	654	SERVICIO PSICOLOGIA	3
1600	GESTION FARMACEUTICA	JSV	SERVICIO	654	SERVICIO GESTION FARMACEUTICA	3
1602	EVALUACION	JSV	SERVICIO	654	SERVICIO EVALUACION	3
1605	CALIDAD ASISTENCIAL	JSV	SERVICIO	654	SERVICIO CALIDAD ASISTENCIAL	3
1609	GER.AT.PRIM.AREAS SANITAR 1,4,5,6.MURCIA	DHE	DIRECCION GERENCIAL	654	DIRECCION GERENCIAL GER.AT.PRIM.AREAS SANITAR 1,4,5,6.MURCIA	3
1610	GER.ATENC.PRIM.AREA SANITAR.2 CARTAG.	DHE	DIRECCION GERENCIAL	654	DIRECCION GERENCIAL GER.ATENC.PRIM.AREA SANITAR.2 CARTAG.	3
1611	GER.ATENC.PRIMARIA AREA SANIT.3.LORCA	DHE	DIRECCION GERENCIAL	654	DIRECCION GERENCIAL GER.ATENC.PRIMARIA AREA SANIT.3.LORCA	3
1612	GER.ATENCION PRIMARIA 061	DHE	DIRECCION GERENCIAL	654	DIRECCION GERENCIAL GER.ATENCION PRIMARIA 061	3
1614	HOSP.UNIV.VIRGEN DE LA ARRIXACA	DHE	DIRECCION GERENCIAL	654	DIRECCION GERENCIAL HOSP.UNIV.VIRGEN DE LA ARRIXACA	3
1615	HOSPITAL MORALES MESEGUER	DHE	DIRECCION GERENCIAL	654	DIRECCION GERENCIAL HOSPITAL MORALES MESEGUER	3
1616	HOSPITAL SANTA MARIA DEL ROSSELL	DHE	DIRECCION GERENCIAL	654	DIRECCION GERENCIAL HOSPITAL SANTA MARIA DEL ROSSELL	3
1617	HOSPITAL RAFAEL MENDEZ.LORCA	DHE	DIRECCION GERENCIAL	654	DIRECCION GERENCIAL HOSPITAL RAFAEL MENDEZ.LORCA	3
1618	HOSPITAL COMARCAL DEL NOROESTE	DHE	DIRECCION GERENCIAL	654	DIRECCION GERENCIAL HOSPITAL COMARCAL DEL NOROESTE	3
1619	HOSPITAL VIRGEN DEL CASTILLO	DHE	DIRECCION GERENCIAL	654	DIRECCION GERENCIAL HOSPITAL VIRGEN DEL CASTILLO	3
1620	ASIST.PRIM.Y URGEN. Y EMERGEN.SANITARIAS	SDG	SUBDIRECCION GENERAL	654	SUBDIRECCION GENERAL ASIST.PRIM.Y URGEN. Y EMERGEN.SANITARIAS	3
1621	PROGRAMAS Y COORD.DE ASISTENCIA PRIMARIA	JSV	SERVICIO	654	SERVICIO PROGRAMAS Y COORD.DE ASISTENCIA PRIMARIA	3
1622	URGENCIAS Y EMERGENCIAS SANITARIAS	JSV	SERVICIO	654	SERVICIO URGENCIAS Y EMERGENCIAS SANITARIAS	3
1623	ASISTENCIA ESPECIALIZADA	SDG	SUBDIRECCION GENERAL	654	SUBDIRECCION GENERAL ASISTENCIA ESPECIALIZADA	3
1624	COORDINACION DE ASISTENCIA ESPECIALIZADA	JSV	SERVICIO	654	SERVICIO COORDINACION DE ASISTENCIA ESPECIALIZADA	3
1625	SALUD MENTAL Y ASISTENCIA PSIQUIATRICA	SDG	SUBDIRECCION GENERAL	654	SUBDIRECCION GENERAL SALUD MENTAL Y ASISTENCIA PSIQUIATRICA	3
1942	MEDICA	DME	DIRECCION	654	DIRECCION MEDICA	3
1943	ENFERMERIA	DME	DIRECCION	654	DIRECCION ENFERMERIA	3
1944	GESTION	DME	DIRECCION	654	DIRECCION GESTION	3
1945	MEDICA	DME	DIRECCION	654	DIRECCION MEDICA	3
1946	ENFERMERIA	DME	DIRECCION	654	DIRECCION ENFERMERIA	3
1947	GESTION	DME	DIRECCION	654	DIRECCION GESTION	3
1948	MEDICA	DME	DIRECCION	654	DIRECCION MEDICA	3
1949	ENFERMERIA	DME	DIRECCION	654	DIRECCION ENFERMERIA	3
1950	GESTION	DME	DIRECCION	654	DIRECCION GESTION	3
1951	MEDICA	DME	DIRECCION	654	DIRECCION MEDICA	3
1952	ENFERMERIA	DME	DIRECCION	654	DIRECCION ENFERMERIA	3
1953	GESTION	DME	DIRECCION	654	DIRECCION GESTION	3
1954	MEDICA	DME	DIRECCION	654	DIRECCION MEDICA	3
1955	ENFERMERIA	DME	DIRECCION	654	DIRECCION ENFERMERIA	3
1956	GESTION	DME	DIRECCION	654	DIRECCION GESTION	3
1957	MEDICA	DME	DIRECCION	654	DIRECCION MEDICA	3
1958	ENFERMERIA	DME	DIRECCION	654	DIRECCION ENFERMERIA	3
1959	GESTION	DME	DIRECCION	654	DIRECCION GESTION	3
1960	MEDICA	DME	DIRECCION	654	DIRECCION MEDICA	3
1961	ENFERMERIA	DME	DIRECCION	654	DIRECCION ENFERMERIA	3
1962	GESTION	DME	DIRECCION	654	DIRECCION GESTION	3
1963	MEDICA	DME	DIRECCION	654	DIRECCION MEDICA	3
1964	ENFERMERIA	DME	DIRECCION	654	DIRECCION ENFERMERIA	3
1965	GESTION	DME	DIRECCION	654	DIRECCION GESTION	3
1966	MEDICA	DME	DIRECCION	654	DIRECCION MEDICA	3
1967	ENFERMERIA	DME	DIRECCION	654	DIRECCION ENFERMERIA	3
1968	GESTION	DME	DIRECCION	654	DIRECCION GESTION	3
1969	MEDICA	DME	DIRECCION	654	DIRECCION MEDICA	3
1970	ENFERMERIA	DME	DIRECCION	654	DIRECCION ENFERMERIA	3
1971	GESTION	DME	DIRECCION	654	DIRECCION GESTION	3
1972	PERSONAL	JSV	SERVICIO	654	SERVICIO PERSONAL	3
1973	FACTURACIÓN	JSV	SERVICIO	654	SERVICIO FACTURACIÓN	3
1974	SUMINISTROS	JSV	SERVICIO	654	SERVICIO SUMINISTROS	3
1975	ATENCION AL USUARIO (SAU)	JSV	SERVICIO	654	SERVICIO ATENCION AL USUARIO (SAU)	3
1977	GESTION ECONÓMICA	JSV	SERVICIO	654	SERVICIO GESTION ECONÓMICA	3
1978	CONCURSOS	JSV	SERVICIO	654	SERVICIO CONCURSOS	3
1979	SUMINISTROS-ALMACÉN	JSV	SERVICIO	654	SERVICIO SUMINISTROS-ALMACÉN	3
1980	GENERALES	JSV	SERVICIO	654	SERVICIO GENERALES	3
1981	FARMACIA	JSV	SERVICIO	654	SERVICIO FARMACIA	3
2007	ASESORIA JURIDICA	JSV	SERVICIO	654	SERVICIO ASESORIA JURIDICA	3
2008	DE RECURSOS HUMANOS	DIT	DIRECTOR	654	DIRECTOR DE RECURSOS HUMANOS	3
2009	ECONOMICO-FINANCIERO Y DE SERV.GRALES.	DIT	DIRECTOR	654	DIRECTOR ECONOMICO-FINANCIERO Y DE SERV.GRALES.	3
2010	PERSONAL	JSV	SERVICIO	654	SERVICIO PERSONAL	3
2011	RETRIBUCIONES	JSV	SERVICIO	654	SERVICIO RETRIBUCIONES	3
2012	FACTURACIÓN	JSV	SERVICIO	654	SERVICIO FACTURACIÓN	3
2013	SUMINISTROS	JSV	SERVICIO	654	SERVICIO SUMINISTROS	3
2014	CONCURSOS	JSV	SERVICIO	654	SERVICIO CONCURSOS	3
2015	MEDICAS	SUD	SUBDIRECTOR	654	SUBDIRECTOR MEDICAS	3
2016	DE ENFERMERIA	SUD	SUBDIRECTOR	654	SUBDIRECTOR DE ENFERMERIA	3
2017	ECONOMICO-FINANCIERO Y SERVICIOS GRALES.	SUD	SUBDIRECTOR	654	SUBDIRECTOR ECONOMICO-FINANCIERO Y SERVICIOS GRALES.	3
2136	HOSPITAL DE CIEZA	DHE	DIRECCION GERENCIAL	654	DIRECCION GERENCIAL HOSPITAL DE CIEZA	3
2137	DIRECTOR MEDICO	DIT	DIRECTOR	654	DIRECTOR DIRECTOR MEDICO	3
2138	DIRECTOR/A DE GESTION	DIT	DIRECTOR	654	DIRECTOR DIRECTOR/A DE GESTION	3
2139	DIRECTOR/A DE ENFERMERIA	DIT	DIRECTOR	654	DIRECTOR DIRECTOR/A DE ENFERMERIA	3
2141	COORDINADOR DE CALIDAD	COO	COORDINADOR	654	COORDINADOR COORDINADOR DE CALIDAD	3
2142	COORDINADOR DE ADMISION	COO	COORDINADOR	654	COORDINADOR COORDINADOR DE ADMISION	3
2143	COORDINADOR DE ARCHIVO	COO	COORDINADOR	654	COORDINADOR COORDINADOR DE ARCHIVO	3
2144	COORDINADOR DE FARMACIA	COO	COORDINADOR	654	COORDINADOR COORDINADOR DE FARMACIA	3
2145	COORDINADOR ATENCION AL PACIENTE	COO	COORDINADOR	654	COORDINADOR COORDINADOR ATENCION AL PACIENTE	3
2147	COORDINADORES MEDICOS	COO	COORDINADOR	654	COORDINADOR COORDINADORES MEDICOS	3
2148	COORDINADOR SERVICIOS ASISTENCIALES	COO	COORDINADOR	654	COORDINADOR COORDINADOR SERVICIOS ASISTENCIALES	3
2149	COORDINADOR/A TRABAJADOR/A SOCIAL	COO	COORDINADOR	654	COORDINADOR COORDINADOR/A TRABAJADOR/A SOCIAL	3
2150	COORDINADOR CONTABILIDAD Y FACTURACION	COO	COORDINADOR	654	COORDINADOR COORDINADOR CONTABILIDAD Y FACTURACION	3
2151	COORDINADOR RECURSOS HUMANOS	COO	COORDINADOR	654	COORDINADOR COORDINADOR RECURSOS HUMANOS	3
2152	COORDINADOR DE MANTENIMIENTO	COO	COORDINADOR	654	COORDINADOR COORDINADOR DE MANTENIMIENTO	3
2153	COORDINADOR SUMINISTROS Y ALMACEN	COO	COORDINADOR	654	COORDINADOR COORDINADOR SUMINISTROS Y ALMACEN	3
2154	COORDINADOR DE INFORMATICA	COO	COORDINADOR	654	COORDINADOR COORDINADOR DE INFORMATICA	3
2155	COORDINADOR HOSTELERIA Y SSGG	COO	COORDINADOR	654	COORDINADOR COORDINADOR HOSTELERIA Y SSGG	3
2156	COORDINADOR SUPERVISOR UNIDAD	COO	COORDINADOR	654	COORDINADOR COORDINADOR SUPERVISOR UNIDAD	3
2157	COORDINADOR UNIDADES DE ENFERMERIA	COO	COORDINADOR	654	COORDINADOR COORDINADOR UNIDADES DE ENFERMERIA	3
2181	CONTRATACIÓN, LOGÍSTICA Y RR.MM.	JSV	SERVICIO	654	SERVICIO CONTRATACIÓN, LOGÍSTICA Y RR.MM.	3
2433	INFORMATICA	JSV	SERVICIO	654	SERVICIO INFORMATICA	3
2434	MANTENIMIENTO	JSV	SERVICIO	654	SERVICIO MANTENIMIENTO	3
2486	HOSPITAL SANTA LUCIA. CARTAGENA	DHE	DIRECCION GERENCIAL	654	DIRECCION GERENCIAL HOSPITAL SANTA LUCIA. CARTAGENA	3
2839	ATENCION SANITARIA Y CONTINUIDAD ASISTEN	SDG	SUBDIRECCION GENERAL	654	SUBDIRECCION GENERAL ATENCION SANITARIA Y CONTINUIDAD ASISTEN	3
2840	DE PROGRAMAS, INNOVACION Y CRONICIDAD	SDG	SUBDIRECCION GENERAL	654	SUBDIRECCION GENERAL DE PROGRAMAS, INNOVACION Y CRONICIDAD	3
2841	DE HUMANIZACION DE LA ASISTENCIA	SDG	SUBDIRECCION GENERAL	654	SUBDIRECCION GENERAL DE HUMANIZACION DE LA ASISTENCIA	3
2842	DE CALIDAD ASISTENCIAL, SEGURIDAD Y EVAL	SDG	SUBDIRECCION GENERAL	654	SUBDIRECCION GENERAL DE CALIDAD ASISTENCIAL, SEGURIDAD Y EVAL	3
2843	DE ASEGURAMIENTO Y PRESTACIONES	SDG	SUBDIRECCION GENERAL	654	SUBDIRECCION GENERAL DE ASEGURAMIENTO Y PRESTACIONES	3
2844	COORDINACION DE ASISTENCIA ESPECIALIZADA	JSV	SERVICIO	654	SERVICIO COORDINACION DE ASISTENCIA ESPECIALIZADA	3
2845	DE URGENCIAS Y EMERGENCIAS SANITARIAS	JSV	SERVICIO	654	SERVICIO DE URGENCIAS Y EMERGENCIAS SANITARIAS	3
2846	DE DROGODEPENDENCIAS	JSV	SERVICIO	654	SERVICIO DE DROGODEPENDENCIAS	3
2847	PROGRAMAS ASISTENC. DE ADULTOS Y REHABIL	JSV	SERVICIO	654	SERVICIO PROGRAMAS ASISTENC. DE ADULTOS Y REHABIL	3
661	RECURSOS HUMANOS	DIE	DIRECCION GENERAL	586	DIRECCION GENERAL RECURSOS HUMANOS	2
589	JURIDICO DE RECURSOS HUMANOS	JSV	SERVICIO	661	SERVICIO JURIDICO DE RECURSOS HUMANOS	3
664	CALIDAD Y FORMACION CONTINUA	JSV	SERVICIO	661	SERVICIO CALIDAD Y FORMACION CONTINUA	3
1641	DE RECURSOS HUMANOS	SDG	SUBDIRECCION GENERAL	661	SUBDIRECCION GENERAL DE RECURSOS HUMANOS	3
1642	GESTION DE PERSONAL	JSV	SERVICIO	661	SERVICIO GESTION DE PERSONAL	3
1646	PLANIFICACION Y COSTES DE PERSONAL	JSV	SERVICIO	661	SERVICIO PLANIFICACION Y COSTES DE PERSONAL	3
1650	SELECCION	JSV	SERVICIO	661	SERVICIO SELECCION	3
1525	DE REGIMEN ECONOMICO Y PRESTACIONES	DIE	DIRECCION GENERAL	586	DIRECCION GENERAL DE REGIMEN ECONOMICO Y PRESTACIONES	2
1595	DE ASEGURAMIENTO Y PRESTACIONES	SDG	SUBDIRECCION GENERAL	1525	SUBDIRECCION GENERAL DE ASEGURAMIENTO Y PRESTACIONES	3
1596	ASEGURAMIENTO Y PRESTACIONES	JSV	SERVICIO	1525	SERVICIO ASEGURAMIENTO Y PRESTACIONES	3
2447	DE INFRAESTRUCTURAS SANITARIAS DE CARM	GRA	GESTORA	586	GESTORA DE INFRAESTRUCTURAS SANITARIAS DE CARM	3
636	AGENCIA TRIBUTARIA DE LA REGION DE MURCI	ORG	O. A.	1	O. A. AGENCIA TRIBUTARIA DE LA REGION DE MURCI	1
174	COORDINACION Y PLANIFICACION TRIBUTARIA	JSV	SERVICIO	636	SERVICIO COORDINACION Y PLANIFICACION TRIBUTARIA	3
175	GESTION TRIBUTARIA	JSV	SERVICIO	636	SERVICIO GESTION TRIBUTARIA	3
176	TRIBUTARIO TERRITORIAL CARTAGENA	JSV	SERVICIO	636	SERVICIO TRIBUTARIO TERRITORIAL CARTAGENA	3
177	INSPECCION Y VALORACION TRIBUTARIA	JSV	SERVICIO	636	SERVICIO INSPECCION Y VALORACION TRIBUTARIA	3
178	RECAUDACION EN VIA EJECUTIVA	JSV	SERVICIO	636	SERVICIO RECAUDACION EN VIA EJECUTIVA	3
179	GESTION Y TRIBUTACION DEL JUEGO	JSV	SERVICIO	636	SERVICIO GESTION Y TRIBUTACION DEL JUEGO	3
185	JEFE ADJUNTO CARTAGENA	INP	INSPECTOR	636	INSPECTOR JEFE ADJUNTO CARTAGENA	3
188	JEFE ADJUNTO	INP	INSPECTOR	636	INSPECTOR JEFE ADJUNTO	3
675	ATENCION AL CONTRIBU. Y COLAB. SOCIAL	OFC	OFICINA	636	OFICINA ATENCION AL CONTRIBU. Y COLAB. SOCIAL	3
1047	.	SGO	SECRETARIA GENERAL TECNICA	636	SECRETARIA GENERAL TECNICA .	2
1063	GESTION ECONOMICA	JSV	SERVICIO	1047	SERVICIO GESTION ECONOMICA	3
1064	JURIDICO-ADMINISTRATIVO	JSV	SERVICIO	1047	SERVICIO JURIDICO-ADMINISTRATIVO	3
1800	JURIDICO TRIBUTARIO	JSV	SERVICIO	1047	SERVICIO JURIDICO TRIBUTARIO	3
1473	INSPECCION TRIBUTARIA	UNI	UNIDAD	636	UNIDAD INSPECCION TRIBUTARIA	3
1474	VALORACION INMOBILIARIA RUSTICA	UNI	UNIDAD	636	UNIDAD VALORACION INMOBILIARIA RUSTICA	3
1486	GESTION Y RECAUDACION PERIODO VOLUNTARIO	JSV	SERVICIO	636	SERVICIO GESTION Y RECAUDACION PERIODO VOLUNTARIO	3
1788	SELECCION Y VERIFICACION TRIBUTARIA	UNI	UNIDAD	636	UNIDAD SELECCION Y VERIFICACION TRIBUTARIA	3
1791	VALORACIÓN INMOBILIARIA URBANA	UNI	UNIDAD	636	UNIDAD VALORACIÓN INMOBILIARIA URBANA	3
2742	TRIBUTOS	SDO	SUBDIRECTOR GENERAL	636	SUBDIRECTOR GENERAL TRIBUTOS	3
699	JURIDICO DE LA REGION DE MURCIA	CSJ	CONSEJO	1	CONSEJO JURIDICO DE LA REGION DE MURCIA	1
1030	SERVICIO REGIONAL DE EMPLEO Y FORMACION	ORG	O. A.	1	O. A. SERVICIO REGIONAL DE EMPLEO Y FORMACION	1
445	FOMENTO DE EMPLEO	JSV	SERVICIO	1030	SERVICIO FOMENTO DE EMPLEO	3
1400	GENERAL DE EMPLEO	SDG	SUBDIRECCION GENERAL	1030	SUBDIRECCION GENERAL GENERAL DE EMPLEO	3
1408	TECNICA OBSERVATORIO OCUPACIONAL	UN2	UNIDAD	1030	UNIDAD TECNICA OBSERVATORIO OCUPACIONAL	3
1589	.	SGO	SECRETARIA GENERAL TECNICA	1030	SECRETARIA GENERAL TECNICA .	2
1678	REGIMEN INTERIOR	JSV	SERVICIO	1589	SERVICIO REGIMEN INTERIOR	3
1679	JURIDICO	JSV	SERVICIO	1589	SERVICIO JURIDICO	3
1680	ECONOMICO Y DE CONTRATACION	JSV	SERVICIO	1589	SERVICIO ECONOMICO Y DE CONTRATACION	3
1681	COORD.Y GESTION DEL FONDO SOCIAL EUROPEO	JSV	SERVICIO	1589	SERVICIO COORD.Y GESTION DEL FONDO SOCIAL EUROPEO	3
1866	LIMPIEZA	UNI	UNIDAD	1589	UNIDAD LIMPIEZA	3
1688	ORIENTACION, INTERMEDIACION Y CONTRATOS	JSV	SERVICIO	1030	SERVICIO ORIENTACION, INTERMEDIACION Y CONTRATOS	3
1689	HOMOL.Y AUT.ACC.Y PROY.,PROGR.Y JUST.ECO	JSV	SERVICIO	1030	SERVICIO HOMOL.Y AUT.ACC.Y PROY.,PROGR.Y JUST.ECO	3
1690	EJECUC.SEGUIM.Y EVALUAC.DE ACC.Y PROYEC.	JSV	SERVICIO	1030	SERVICIO EJECUC.SEGUIM.Y EVALUAC.DE ACC.Y PROYEC.	3
1699	FORMACION PROFES.OCUPACIONAL.CARTAGENA	CET	CENTRO	1030	CENTRO FORMACION PROFES.OCUPACIONAL.CARTAGENA	3
1795	GENERAL DE FORMACION	SDG	SUBDIRECCION GENERAL	1030	SUBDIRECCION GENERAL GENERAL DE FORMACION	3
1865	TECNICA DE COORDINACION DE OFICINAS	UNI	UNIDAD	1030	UNIDAD TECNICA DE COORDINACION DE OFICINAS	3
2687	ESTATAL . ALHAMA	OPE	OFIC.SERV.PUBL.EMPLEO (SEPE)	1030	OFIC.SERV.PUBL.EMPLEO (SEPE) ESTATAL . ALHAMA	3
2688	ESTATAL. TOTANA	OPE	OFIC.SERV.PUBL.EMPLEO (SEPE)	1030	OFIC.SERV.PUBL.EMPLEO (SEPE) ESTATAL. TOTANA	3
2689	ESTATAL. ARCHENA	OPE	OFIC.SERV.PUBL.EMPLEO (SEPE)	1030	OFIC.SERV.PUBL.EMPLEO (SEPE) ESTATAL. ARCHENA	3
2690	ESTATAL. BULLAS	OPE	OFIC.SERV.PUBL.EMPLEO (SEPE)	1030	OFIC.SERV.PUBL.EMPLEO (SEPE) ESTATAL. BULLAS	3
2691	ESTATAL. CALASPARRA	OPE	OFIC.SERV.PUBL.EMPLEO (SEPE)	1030	OFIC.SERV.PUBL.EMPLEO (SEPE) ESTATAL. CALASPARRA	3
2692	ESTATAL. CARAVACA	OPE	OFIC.SERV.PUBL.EMPLEO (SEPE)	1030	OFIC.SERV.PUBL.EMPLEO (SEPE) ESTATAL. CARAVACA	3
2693	ESTATAL. CARTAGENA	OPE	OFIC.SERV.PUBL.EMPLEO (SEPE)	1030	OFIC.SERV.PUBL.EMPLEO (SEPE) ESTATAL. CARTAGENA	3
2694	ESTATAL. CIEZA	OPE	OFIC.SERV.PUBL.EMPLEO (SEPE)	1030	OFIC.SERV.PUBL.EMPLEO (SEPE) ESTATAL. CIEZA	3
2695	ESTATAL. LA UNION	OPE	OFIC.SERV.PUBL.EMPLEO (SEPE)	1030	OFIC.SERV.PUBL.EMPLEO (SEPE) ESTATAL. LA UNION	3
2696	ESTATAL. MAZARRON	OPE	OFIC.SERV.PUBL.EMPLEO (SEPE)	1030	OFIC.SERV.PUBL.EMPLEO (SEPE) ESTATAL. MAZARRON	3
2697	ESTATAL. MOLINA DE SEGURA	OPE	OFIC.SERV.PUBL.EMPLEO (SEPE)	1030	OFIC.SERV.PUBL.EMPLEO (SEPE) ESTATAL. MOLINA DE SEGURA	3
2698	ESTATAL. MORATALLA	OPE	OFIC.SERV.PUBL.EMPLEO (SEPE)	1030	OFIC.SERV.PUBL.EMPLEO (SEPE) ESTATAL. MORATALLA	3
2699	ESTATAL. MULA	OPE	OFIC.SERV.PUBL.EMPLEO (SEPE)	1030	OFIC.SERV.PUBL.EMPLEO (SEPE) ESTATAL. MULA	3
2700	ESTATAL. YECLA	OPE	OFIC.SERV.PUBL.EMPLEO (SEPE)	1030	OFIC.SERV.PUBL.EMPLEO (SEPE) ESTATAL. YECLA	3
2701	ESTATAL. AGUILAS	OPE	OFIC.SERV.PUBL.EMPLEO (SEPE)	1030	OFIC.SERV.PUBL.EMPLEO (SEPE) ESTATAL. AGUILAS	3
2702	ESTATAL. ALCANTARILLA	OPE	OFIC.SERV.PUBL.EMPLEO (SEPE)	1030	OFIC.SERV.PUBL.EMPLEO (SEPE) ESTATAL. ALCANTARILLA	3
2703	ESTATAL MURCIA I (RONDA NORTE)	OPE	OFIC.SERV.PUBL.EMPLEO (SEPE)	1030	OFIC.SERV.PUBL.EMPLEO (SEPE) ESTATAL MURCIA I (RONDA NORTE)	3
2704	ESTATAL MURCIA 2 (JORGE JUAN)	OPE	OFIC.SERV.PUBL.EMPLEO (SEPE)	1030	OFIC.SERV.PUBL.EMPLEO (SEPE) ESTATAL MURCIA 2 (JORGE JUAN)	3
2705	ESTATAL  MURCIA 3 (RONDA SUR)	OPE	OFIC.SERV.PUBL.EMPLEO (SEPE)	1030	OFIC.SERV.PUBL.EMPLEO (SEPE) ESTATAL  MURCIA 3 (RONDA SUR)	3
1099	DE TURISMO DE LA REGION DE MURCIA	INT	INSTITUTO	1	INSTITUTO DE TURISMO DE LA REGION DE MURCIA	1
1985	DE CUALIFICACIÓN TURISTICA	CET	CENTRO	1099	CENTRO DE CUALIFICACIÓN TURISTICA	3
2655	ECONOMICO-ADMINISTRATIVA	ODE	OFICINA	1099	OFICINA ECONOMICO-ADMINISTRATIVA	3
2656	DE ORDENACIÓN DEL TURISMO	ODE	OFICINA	1099	OFICINA DE ORDENACIÓN DEL TURISMO	3
2657	DE PROMOCION	ODE	OFICINA	1099	OFICINA DE PROMOCION	3
2658	OFICINA INNOVACION	DIT	DIRECTOR	1099	DIRECTOR OFICINA INNOVACION	3
2662	.	JAR	JEFATURA DE AREA	1099	JEFATURA DE AREA .	3
2663	.	JAR	JEFATURA DE AREA	1099	JEFATURA DE AREA .	3
1737	DESARROLLO ECONOMICO, TURISMO Y EMPLEO	CON	CONSEJERIA	1	CONSEJERIA DESARROLLO ECONOMICO, TURISMO Y EMPLEO	1
298	SIMPLIF.ACTIVID.EMPRESAR.Y ECON.DIGITAL	DIR	DIRECCION GENERAL	1737	DIRECCION GENERAL SIMPLIF.ACTIVID.EMPRESAR.Y ECON.DIGITAL	2
1072	INNOVACION TECNOLOGICA	JSV	SERVICIO	298	SERVICIO INNOVACION TECNOLOGICA	3
1073	TELECOMUNICACIONES	JSV	SERVICIO	298	SERVICIO TELECOMUNICACIONES	3
1340	POLITICA CIENTIFICA E INVESTIGACION	UNI	UNIDAD	298	UNIDAD POLITICA CIENTIFICA E INVESTIGACION	3
422	ENERGIA Y ACTIVIDAD INDUSTRIAL Y MINERA	DIR	DIRECCION GENERAL	1737	DIRECCION GENERAL ENERGIA Y ACTIVIDAD INDUSTRIAL Y MINERA	2
423	REGIONAL DE LA INDUSTRIA Y LA ENERGIA	TRO	CENTRO	422	CENTRO REGIONAL DE LA INDUSTRIA Y LA ENERGIA	3
424	INDUSTRIA, ENERGIA Y MINAS	SDG	SUBDIRECCION GENERAL	422	SUBDIRECCION GENERAL INDUSTRIA, ENERGIA Y MINAS	3
425	PLANIFICACION INDUSTRIAL Y ENERGETICA	JSV	SERVICIO	422	SERVICIO PLANIFICACION INDUSTRIAL Y ENERGETICA	3
426	REGIMEN JURIDICO,ECONOMICO Y SANCIONADOR	JSV	SERVICIO	422	SERVICIO REGIMEN JURIDICO,ECONOMICO Y SANCIONADOR	3
429	INSPECCION	JSV	SERVICIO	422	SERVICIO INSPECCION	3
430	INDUSTRIA	JSV	SERVICIO	422	SERVICIO INDUSTRIA	3
431	ENERGIA	JSV	SERVICIO	422	SERVICIO ENERGIA	3
432	MINAS	JSV	SERVICIO	422	SERVICIO MINAS	3
433	ADMINISTRATIVA CARTAGENA	IVA	OFICINA	422	OFICINA ADMINISTRATIVA CARTAGENA	3
1521	DEL CURTIDO DE LORCA	LAB	LABORATORIO	422	LABORATORIO DEL CURTIDO DE LORCA	3
441	RELACIONES LABORALES Y ECONOMIA SOCIAL	DIR	DIRECCION GENERAL	1737	DIRECCION GENERAL RELACIONES LABORALES Y ECONOMIA SOCIAL	2
442	TRABAJO	SDG	SUBDIRECCION GENERAL	441	SUBDIRECCION GENERAL TRABAJO	3
446	ECONOMIA SOCIAL	JSV	SERVICIO	441	SERVICIO ECONOMIA SOCIAL	3
447	RELACIONES LABORALES	JSV	SERVICIO	441	SERVICIO RELACIONES LABORALES	3
448	NORMAS LABORALES Y SANCIONES	JSV	SERVICIO	441	SERVICIO NORMAS LABORALES Y SANCIONES	3
449	HIGIENE INDUSTRIAL Y SALUD LABORAL	JSV	SERVICIO	441	SERVICIO HIGIENE INDUSTRIAL Y SALUD LABORAL	3
450	SEGURIDAD Y FORMACION	JSV	SERVICIO	441	SERVICIO SEGURIDAD Y FORMACION	3
460	PUBLICA DE ELECCIONES	CIN	OFICINA	441	OFICINA PUBLICA DE ELECCIONES	3
1522	COORDIN.Y GESTION FONDO SOCIAL EUROPEO	JSV	SERVICIO	441	SERVICIO COORDIN.Y GESTION FONDO SOCIAL EUROPEO	3
1523	SEGUIMIENTO Y CONTROL	UNI	UNIDAD	441	UNIDAD SEGUIMIENTO Y CONTROL	3
2610	DE SEGURIDAD Y SALUD LABORAL	SDG	SUBDIRECCION GENERAL	441	SUBDIRECCION GENERAL DE SEGURIDAD Y SALUD LABORAL	3
478	COMERCIO Y PROTECCION DEL CONSUMIDOR	DIR	DIRECCION GENERAL	1737	DIRECCION GENERAL COMERCIO Y PROTECCION DEL CONSUMIDOR	2
479	COMERCIO	JSV	SERVICIO	478	SERVICIO COMERCIO	3
480	DEFENSA DEL CONSUMIDOR	JSV	SERVICIO	478	SERVICIO DEFENSA DEL CONSUMIDOR	3
481	CONTROL DE MERCADO	JSV	SERVICIO	478	SERVICIO CONTROL DE MERCADO	3
482	ARTESANIA	JSV	SERVICIO	478	SERVICIO ARTESANIA	3
487	ARBITRAJE DE CONSUMO	JSV	SERVICIO	478	SERVICIO ARBITRAJE DE CONSUMO	3
1076	INSPECCION DE COMERCIO INTERIOR	JSV	SERVICIO	478	SERVICIO INSPECCION DE COMERCIO INTERIOR	3
1736	DEFENSA DE LA COMPETENCIA	JSV	SERVICIO	478	SERVICIO DEFENSA DE LA COMPETENCIA	3
1739	DESARROLLO ECONOMICO, TURISMO Y EMPLEO	SEC	SECRETARIA GENERAL	1737	SECRETARIA GENERAL DESARROLLO ECONOMICO, TURISMO Y EMPLEO	2
414	REGIMEN INTERIOR	JSV	SERVICIO	1739	SERVICIO REGIMEN INTERIOR	3
1740	.	VIC	VICESECRETARIA	1739	VICESECRETARIA .	3
1756	JURIDICO	JSV	SERVICIO	1739	SERVICIO JURIDICO	3
1757	ECONOMICO Y CONTRATACION	JSV	SERVICIO	1739	SERVICIO ECONOMICO Y CONTRATACION	3
1764	INST. DE FOMENTO DE LA REGION DE MURCIA	EMP	EMPRESA PUBLICA	1	EMPRESA PUBLICA INST. DE FOMENTO DE LA REGION DE MURCIA	1
1765	TECNICA INST. DE FOMENTO DE LA CARM	STE	SECRETARIA GENERAL	1764	SECRETARIA GENERAL TECNICA INST. DE FOMENTO DE LA CARM	2
1768	TRAMITACION EXPEDIENTES	DEE	DEPARTAMENTO	1765	DEPARTAMENTO TRAMITACION EXPEDIENTES	3
1774	RECURSOS HUMANOS	DEP	DEPARTAMENTO	1765	DEPARTAMENTO RECURSOS HUMANOS	3
1805	MEJORA INTERNA PROCESOS Y D.P.	COO	COORDINADOR	1765	COORDINADOR MEJORA INTERNA PROCESOS Y D.P.	3
1806	GRAL. INST. FOMENTO DE LA REGION  MURCIA	VCE	VICESECRETARIA	1765	VICESECRETARIA GRAL. INST. FOMENTO DE LA REGION  MURCIA	3
1766	DESARROLLO CORPORATIVO	ARE	AREA	1764	AREA DESARROLLO CORPORATIVO	3
1767	INVERSIONES Y SUELO INDUSTRIAL	DEE	DEPARTAMENTO	1764	DEPARTAMENTO INVERSIONES Y SUELO INDUSTRIAL	3
1769	RELACIONES INSTITUCIONALES	OFI	OFICINA	1764	OFICINA RELACIONES INSTITUCIONALES	3
1770	DE CRECIMIENTO EMPRESARIAL	DEE	DEPARTAMENTO	1764	DEPARTAMENTO DE CRECIMIENTO EMPRESARIAL	3
1771	INNOVACION EMPRESARIAL	DEE	DEPARTAMENTO	1764	DEPARTAMENTO INNOVACION EMPRESARIAL	3
1772	INTERNACIONAL	DEE	DEPARTAMENTO	1764	DEPARTAMENTO INTERNACIONAL	3
1773	MARKETING Y COMERCIAL	DEE	DEPARTAMENTO	1764	DEPARTAMENTO MARKETING Y COMERCIAL	3
1804	SERVICIOS DE INFORMATICA	COO	COORDINADOR	1764	COORDINADOR SERVICIOS DE INFORMATICA	3
1807	SERVICIOS FINANCIEROS	DEE	DEPARTAMENTO	1764	DEPARTAMENTO SERVICIOS FINANCIEROS	3
1833	SUELO INDUSTRIAL	RES	RESPONSABLE	1764	RESPONSABLE SUELO INDUSTRIAL	3
2019	INICIATIVAS EUROPEAS	DEE	DEPARTAMENTO	1764	DEPARTAMENTO INICIATIVAS EUROPEAS	3
2020	COMPETITIVIDAD EMPRESARIAL	ARE	AREA	1764	AREA COMPETITIVIDAD EMPRESARIAL	3
1995	CULTURA Y TURISMO	CON	CONSEJERIA	1	CONSEJERIA CULTURA Y TURISMO	1
2003	CULTURA Y TURISMO	SEC	SECRETARIA GENERAL	1995	SECRETARIA GENERAL CULTURA Y TURISMO	2
2188	DE CREDITO Y FINANZAS	INT	INSTITUTO	1	INSTITUTO DE CREDITO Y FINANZAS	1
2819	DE MERCADO DE CAPITALES	ARE	AREA	2188	AREA DE MERCADO DE CAPITALES	3
2836	JURIDICA Y ASUNTOS EUROPEOS	ARE	AREA	2188	AREA JURIDICA Y ASUNTOS EUROPEOS	3
2837	DE INVERSIONES	ARE	AREA	2188	AREA DE INVERSIONES	3
2838	DE ADMINISTRACION Y RECURSOS	ARE	AREA	2188	AREA DE ADMINISTRACION Y RECURSOS	3
2444	ENTIDAD REG. DE SANEAMIENTO Y DEPURACIÓN	EMP	EMPRESA PUBLICA	1	EMPRESA PUBLICA ENTIDAD REG. DE SANEAMIENTO Y DEPURACIÓN	1
2445	INSTITUTO EUROMEDITERRÁNEO DEL AGUA	FUN	FUNDACIÓN	1	FUNDACIÓN INSTITUTO EUROMEDITERRÁNEO DEL AGUA	1
2446	PARA LA FORMACIÓN E INVESTIG. SANITARIA	FUN	FUNDACIÓN	1	FUNDACIÓN PARA LA FORMACIÓN E INVESTIG. SANITARIA	1
2448	RADIOTELEVISIÓN DE LA REGION DE MURCIA	EMP	EMPRESA PUBLICA	1	EMPRESA PUBLICA RADIOTELEVISIÓN DE LA REGION DE MURCIA	1
1338	RTRM	STE	SECRETARIA GENERAL	2448	SECRETARIA GENERAL RTRM	2
2449	JURÍDICO-LABORAL	DEP	DEPARTAMENTO	1338	DEPARTAMENTO JURÍDICO-LABORAL	3
2450	ECONÓMICO-FINANCIERO	DEP	DEPARTAMENTO	1338	DEPARTAMENTO ECONÓMICO-FINANCIERO	3
2813	TECNICO	DEP	DEPARTAMENTO	2448	DEPARTAMENTO TECNICO	3
2451	INTEGRA	FUN	FUNDACIÓN	1	FUNDACIÓN INTEGRA	1
2614	REGION DE MURCIA DEPORTES	EMP	EMPRESA PUBLICA	1	EMPRESA PUBLICA REGION DE MURCIA DEPORTES	1
2618	DESALADORA DE ESCOMBRERAS.S.A.	EMP	EMPRESA PUBLICA	1	EMPRESA PUBLICA DESALADORA DE ESCOMBRERAS.S.A.	1
2715	FAMILIA E IGUALDAD DE OPORTUNIDADES	CON	CONSEJERIA	1	CONSEJERIA FAMILIA E IGUALDAD DE OPORTUNIDADES	1
1664	FAMILIA Y POLITICAS SOCIALES	DIR	DIRECCION GENERAL	2715	DIRECCION GENERAL FAMILIA Y POLITICAS SOCIALES	2
529	PLANIFICACION Y EVALUACION	JSV	SERVICIO	1664	SERVICIO PLANIFICACION Y EVALUACION	3
563	PROTECCION DE MENORES	JSV	SERVICIO	1664	SERVICIO PROTECCION DE MENORES	3
721	CENTRO ACOGIDA A MENORES.SANTO ANGEL	DIT	DIRECTOR	1664	DIRECTOR CENTRO ACOGIDA A MENORES.SANTO ANGEL	3
722	C.PROMOCION JUVENIL	DIT	DIRECTOR	1664	DIRECTOR C.PROMOCION JUVENIL	3
1409	EJECUCION DE MEDIDAS JUDICIALES MENORES	JSV	SERVICIO	1664	SERVICIO EJECUCION DE MEDIDAS JUDICIALES MENORES	3
1411	FAMILIA	JSV	SERVICIO	1664	SERVICIO FAMILIA	3
1417	VOLUNTARIADO SOCIAL,EMIGRACION Y RETORNO	JSV	SERVICIO	1664	SERVICIO VOLUNTARIADO SOCIAL,EMIGRACION Y RETORNO	3
2628	FAMILIA Y POLITICAS SOCIALES	SDG	SUBDIRECCION GENERAL	1664	SUBDIRECCION GENERAL FAMILIA Y POLITICAS SOCIALES	3
2654	COOPERACION Y ACCION EXTERIOR	JSV	SERVICIO	1664	SERVICIO COOPERACION Y ACCION EXTERIOR	3
2718	FAMILIA E IGUALDAD DE OPORTUNIDADES	SEC	SECRETARIA GENERAL	2715	SECRETARIA GENERAL FAMILIA E IGUALDAD DE OPORTUNIDADES	2
530	DESARROLLO NORMATIVO Y ORGANOS PARTICIP.	JSV	SERVICIO	2718	SERVICIO DESARROLLO NORMATIVO Y ORGANOS PARTICIP.	3
532	INSPECCION, REGISTRO Y REG. SANCIONADOR	JSV	SERVICIO	2718	SERVICIO INSPECCION, REGISTRO Y REG. SANCIONADOR	3
1048	ECONOMICO Y DE CONTRATACION	JSV	SERVICIO	2718	SERVICIO ECONOMICO Y DE CONTRATACION	3
2735	FAMILIA E IGUALDAD DE OPORTUNIDADES	VIC	VICESECRETARIA	2718	VICESECRETARIA FAMILIA E IGUALDAD DE OPORTUNIDADES	3
2762	REGIMEN INTERIOR	JSV	SERVICIO	2718	SERVICIO REGIMEN INTERIOR	3
2763	JURIDICO	JSV	SERVICIO	2718	SERVICIO JURIDICO	3
2719	DE MUJER	DIR	DIRECCION GENERAL	2715	DIRECCION GENERAL DE MUJER	2
531	PLANIFICACION Y PROGRAMAS	JSV	SERVICIO	2719	SERVICIO PLANIFICACION Y PROGRAMAS	3
2734	IGUALDAD DE OPORTUNIDADES	JSV	SERVICIO	2719	SERVICIO IGUALDAD DE OPORTUNIDADES	3
2716	CULTURA Y PORTAVOCÍA	CON	CONSEJERIA	1	CONSEJERIA CULTURA Y PORTAVOCÍA	1
637	DEPORTES	DIR	DIRECCION GENERAL	2716	DIRECCION GENERAL DEPORTES	2
48	DEPORTES	JSV	SERVICIO	637	SERVICIO DEPORTES	3
49	INSTALACIONES DEPORTIVAS	JSV	SERVICIO	637	SERVICIO INSTALACIONES DEPORTIVAS	3
1512	INSPECCION DEPORTIVA	UNI	UNIDAD	637	UNIDAD INSPECCION DEPORTIVA	3
1513	REGISTRO Y DOCUMENTACION	UNI	UNIDAD	637	UNIDAD REGISTRO Y DOCUMENTACION	3
1549	COORDINACION DE SERVICIOS	UNI	UNIDAD	2716	UNIDAD COORDINACION DE SERVICIOS	3
2006	DE BIENES CULTURALES	DIR	DIRECCION GENERAL	2716	DIRECCION GENERAL DE BIENES CULTURALES	2
278	ARCHIVO GENERAL DE LA REGION DE MURCIA	DIT	DIRECTOR	2006	DIRECTOR ARCHIVO GENERAL DE LA REGION DE MURCIA	3
279	BIBLIOTECA REGIONAL DE MURCIA	DIT	DIRECTOR	2006	DIRECTOR BIBLIOTECA REGIONAL DE MURCIA	3
280	PATRIMONIO HISTORICO	JSV	SERVICIO	2006	SERVICIO PATRIMONIO HISTORICO	3
296	RESTAURACION	DIT	DIRECTOR	2006	DIRECTOR RESTAURACION	3
1442	DE BIENES CULTURALES	SDG	SUBDIRECCION GENERAL	2006	SUBDIRECCION GENERAL DE BIENES CULTURALES	3
1444	COORDINACION JURIDICO-ADMINISTRATIVA	JSV	SERVICIO	2006	SERVICIO COORDINACION JURIDICO-ADMINISTRATIVA	3
1860	MUSEOS Y EXPOSICIONES	JSV	SERVICIO	2006	SERVICIO MUSEOS Y EXPOSICIONES	3
2437	INTERMEDIO DE LA REGION DE MURCIA	ARC	ARCHIVO	2006	ARCHIVO INTERMEDIO DE LA REGION DE MURCIA	3
2681	DE MULA	MUS	MUSEO	2006	MUSEO DE MULA	3
2683	AGUIRRE. CARTAGENA	PAL	PALACIO	2006	PALACIO AGUIRRE. CARTAGENA	3
2684	DE BELLAS ARTES	MUS	MUSEO	2006	MUSEO DE BELLAS ARTES	3
2685	ARQUEOLÓGICO	MUS	MUSEO	2006	MUSEO ARQUEOLÓGICO	3
2686	DE LA HUERTA ALCANTARILLA	MUS	MUSEO	2006	MUSEO DE LA HUERTA ALCANTARILLA	3
2717	CULTURA Y PORTAVOCÍA	SEC	SECRETARIA GENERAL	2716	SECRETARIA GENERAL CULTURA Y PORTAVOCÍA	2
1535	DE PROYECTOS	COO	COORDINADOR	2717	COORDINADOR DE PROYECTOS	3
2731	CULTURA Y PORTAVOCÍA	VIC	VICESECRETARIA	2717	VICESECRETARIA CULTURA Y PORTAVOCÍA	3
2745	JURIDICO	JSV	SERVICIO	2717	SERVICIO JURIDICO	3
2750	DE REGIMEN INTERIOR	JSV	SERVICIO	2717	SERVICIO DE REGIMEN INTERIOR	3
2751	ECONOMICO Y DE CONTRATACIÓN	JSV	SERVICIO	2717	SERVICIO ECONOMICO Y DE CONTRATACIÓN	3
2720	DE JUVENTUD	DIR	DIRECCION GENERAL	2716	DIRECCION GENERAL DE JUVENTUD	2
47	PLANIFICACION Y PROGRAMAS	JSV	SERVICIO	2720	SERVICIO PLANIFICACION Y PROGRAMAS	3
1509	DE TURISMO JOVEN	OFI	OFICINA	2720	OFICINA DE TURISMO JOVEN	3
1849	REGIONAL DE ANIMACION Y TIEMPO LIBRE	ESC	ESCUELA	2720	ESCUELA REGIONAL DE ANIMACION Y TIEMPO LIBRE	3
2815	DE MEDIOS DE COMUNICACION	DIR	DIRECCION GENERAL	2716	DIRECCION GENERAL DE MEDIOS DE COMUNICACION	2
67	DE PRENSA	CIN	OFICINA	2815	OFICINA DE PRENSA	3
69	PUBLICIDAD INSTITUCIONAL	OFI	OFICINA	2815	OFICINA PUBLICIDAD INSTITUCIONAL	3
2810	DE TRANSPARENCIA DE LA REGION DE MURCIA	CSJ	CONSEJO	1	CONSEJO DE TRANSPARENCIA DE LA REGION DE MURCIA	1
